{
  "parent": "minecraft:block/lantern",
  "textures": {
    "lantern": "hardcore_torches:block/lit_lantern"
  },
  "display": {
    "gui": {
      "rotation": [ 30, 225, 0 ],
      "translation": [ 0, 2, 0],
      "scale":[ 1, 1, 1 ]
    },
    "fixed": {
      "rotation": [ 0, 0, 0 ],
      "translation": [ 0, 0, -1 ],
      "scale":[ 0.7, 0.7, 0.7 ]
    },
    "thirdperson_righthand": {
      "rotation": [ 80, 0, 0 ],
      "translation": [ 0, -1, -1.8 ],
      "scale": [ 0.55, 0.55, 0.55 ]
    },
    "firstperson_righthand": {
      "rotation": [ 0, 0, 0 ],
      "translation": [ 1.13, 4, 1.13],
      "scale": [ 0.68, 0.68, 0.68 ]
    }
  }
}
