{
  "parent": "minecraft:item/generated",
  "textures": {
    "layer0": "hardcore_torches:item/unlit_torch"
  },
	"display": {
        "firstperson_righthand": {
            "rotation": [ 0, 90, 12.5 ],
            "translation": [ 1, 3.2, 0],
            "scale": [ 0.68, 0.68, 0.68 ]
        },
        "firstperson_lefthand": {
            "rotation": [ 0, -90, -12.5 ],
            "translation": [ 1, 3.2, 0],
            "scale": [ 0.68, 0.68, 0.68 ]
        },
        "thirdperson_righthand": {
            "rotation": [ 0, 90, 45 ],
            "translation": [ 0, 3.2, 2 ],
            "scale": [ 0.55, 0.55, 0.55 ]
        },
        "thirdperson_lefthand": {
            "rotation": [ 0, -90, -45 ],
            "translation": [ 0, 3.2, 2 ],
            "scale": [ 0.55, 0.55, 0.55 ]
        }
    }
}
