{
	"credit": "Made with Blockbench",
	"texture_size": [32, 32],
	"textures": {
		"0": "block/diamond_axe",
		"particle": "block/diamond_axe"
	},
	"elements": [
		{
			"from": [7.23995, 2, 7.31871],
			"to": [8.63995, 15.5, 8.71871],
			"rotation": {"angle": -45, "axis": "y", "origin": [7.98995, 7.91421, 8.06871]},
			"faces": {
				"north": {"uv": [8, 0, 8.5, 7], "texture": "#0"},
				"east": {"uv": [8, 7, 8.5, 14], "texture": "#0"},
				"south": {"uv": [8.5, 0, 9, 7], "texture": "#0"},
				"west": {"uv": [3, 8.5, 3.5, 15.5], "texture": "#0"},
				"up": {"uv": [11.5, 6.5, 11, 6], "texture": "#0"},
				"down": {"uv": [11.5, 6.5, 11, 7], "texture": "#0"}
			}
		},
		{
			"from": [7.76741, 21.12, 7.509],
			"to": [11.76741, 25.12, 8.499],
			"rotation": {"angle": 0, "axis": "y", "origin": [4.76741, 22, 7.50805]},
			"faces": {
				"north": {"uv": [3.5, 5, 5.5, 7], "texture": "#0"},
				"east": {"uv": [7.5, 5, 8, 7], "texture": "#0"},
				"south": {"uv": [5.5, 5, 3.5, 7], "texture": "#0"},
				"west": {"uv": [2.5, 9.5, 3, 11.5], "texture": "#0"},
				"up": {"uv": [12, 10, 10, 9.5], "texture": "#0"},
				"down": {"uv": [12.5, 3, 10.5, 3.5], "texture": "#0"}
			}
		},
		{
			"from": [10.76741, 19.12, 7.508],
			"to": [17.76741, 26.12, 8.509],
			"rotation": {"angle": 45, "axis": "z", "origin": [13.76741, 23.12, 8.0085]},
			"faces": {
				"north": {"uv": [0, 0, 3.5, 3.5], "texture": "#0"},
				"east": {"uv": [7.5, 8.5, 8, 12], "texture": "#0"},
				"south": {"uv": [3.5, 0, 0, 3.5], "texture": "#0"},
				"west": {"uv": [2, 9.5, 2.5, 13], "texture": "#0"},
				"up": {"uv": [13.5, 7.5, 10, 7], "texture": "#0"},
				"down": {"uv": [13.5, 7.5, 10, 8], "texture": "#0"}
			}
		},
		{
			"from": [9.81766, 24.06975, 7.508],
			"to": [12.81766, 27.06975, 8.509],
			"rotation": {"angle": 45, "axis": "z", "origin": [8.81766, 28.06975, 8.0085]},
			"faces": {
				"north": {"uv": [9, 0, 10.5, 1.5], "texture": "#0"},
				"east": {"uv": [10.5, 3.5, 11, 5], "texture": "#0"},
				"south": {"uv": [10.5, 0, 9, 1.5], "texture": "#0"},
				"west": {"uv": [3.5, 11, 4, 12.5], "texture": "#0"},
				"up": {"uv": [12, 5.5, 10.5, 5], "texture": "#0"},
				"down": {"uv": [12, 5.5, 10.5, 6], "texture": "#0"}
			}
		},
		{
			"from": [13.3532, 15.63472, 7.508],
			"to": [16.3532, 18.63472, 8.509],
			"rotation": {"angle": 45, "axis": "z", "origin": [12.3532, 14.63472, 8.0085]},
			"faces": {
				"north": {"uv": [9, 3, 10.5, 4.5], "texture": "#0"},
				"east": {"uv": [11, 3.5, 11.5, 5], "texture": "#0"},
				"south": {"uv": [10.5, 3, 9, 4.5], "texture": "#0"},
				"west": {"uv": [4, 11, 4.5, 12.5], "texture": "#0"},
				"up": {"uv": [6, 11.5, 4.5, 11], "texture": "#0"},
				"down": {"uv": [7.5, 11, 6, 11.5], "texture": "#0"}
			}
		},
		{
			"from": [5.51421, 20.61447, 6.50879],
			"to": [10.51421, 25.61447, 9.50979],
			"rotation": {"angle": 45, "axis": "z", "origin": [8.01421, 23.11447, 8.00929]},
			"faces": {
				"north": {"uv": [3.5, 0, 6, 2.5], "texture": "#0"},
				"east": {"uv": [0, 7, 1.5, 9.5], "texture": "#0"},
				"south": {"uv": [3.5, 2.5, 6, 5], "texture": "#0"},
				"west": {"uv": [1.5, 7, 3, 9.5], "texture": "#0"},
				"up": {"uv": [5.5, 8.5, 3, 7], "texture": "#0"},
				"down": {"uv": [8, 7, 5.5, 8.5], "texture": "#0"}
			}
		},
		{
			"from": [3.68921, 20.61447, 7.08379],
			"to": [7.68921, 24.61447, 9.08479],
			"rotation": {"angle": 45, "axis": "z", "origin": [5.18921, 23.11447, 7.58429]},
			"faces": {
				"north": {"uv": [6, 0, 8, 2], "texture": "#0"},
				"east": {"uv": [0, 9.5, 1, 11.5], "texture": "#0"},
				"south": {"uv": [6, 2, 8, 4], "texture": "#0"},
				"west": {"uv": [1, 9.5, 2, 11.5], "texture": "#0"},
				"up": {"uv": [8, 5, 6, 4], "texture": "#0"},
				"down": {"uv": [11, 6, 9, 7], "texture": "#0"}
			}
		},
		{
			"from": [6.5, 0.5, 7],
			"to": [9, 3, 9],
			"rotation": {"angle": 45, "axis": "z", "origin": [8, 2, 8]},
			"faces": {
				"north": {"uv": [8.5, 7, 10, 8.5], "texture": "#0"},
				"east": {"uv": [10, 8, 11, 9.5], "texture": "#0"},
				"south": {"uv": [8.5, 8.5, 10, 10], "texture": "#0"},
				"west": {"uv": [8.5, 10, 9.5, 11.5], "texture": "#0"},
				"up": {"uv": [11, 11, 9.5, 10], "texture": "#0"},
				"down": {"uv": [12, 0, 10.5, 1], "texture": "#0"}
			}
		},
		{
			"from": [7.26421, 14.45, 6.89445],
			"to": [9.26421, 21.45, 8.89445],
			"rotation": {"angle": -45, "axis": "y", "origin": [8.01421, 6.50343, 7.64445]},
			"faces": {
				"north": {"uv": [11, 10, 12, 13.5], "texture": "#0"},
				"east": {"uv": [12, 10, 13, 13.5], "texture": "#0"},
				"south": {"uv": [13, 10, 14, 13.5], "texture": "#0"},
				"west": {"uv": [14, 10, 15, 13.5], "texture": "#0"},
				"up": {"uv": [11.5, 2, 10.5, 1], "texture": "#0"},
				"down": {"uv": [11.5, 2, 10.5, 3], "texture": "#0"}
			}
		}
	],
	"display": {
		"thirdperson_righthand": {
			"rotation": [0, 90, 0],
			"translation": [0, -4, 0]
		},
		"thirdperson_lefthand": {
			"rotation": [0, -90, 0],
			"translation": [0, -4, 0]
		},
		"firstperson_righthand": {
			"rotation": [56.05, 84.96, -44.68],
			"translation": [-0.25, -0.25, 0],
			"scale": [0.55, 0.55, 0.55]
		},
		"firstperson_lefthand": {
			"rotation": [-105, -82, -114],
			"translation": [0, -0.25, 0],
			"scale": [0.55, 0.55, 0.55]
		},
		"ground": {
			"rotation": [12.74, 17, -28.36],
			"translation": [0, 1.75, 0],
			"scale": [0.4, 0.4, 0.4]
		},
		"gui": {
			"rotation": [140.93, 0.17, -143.26],
			"translation": [-2.5, -3.75, 0],
			"scale": [0.75, 0.75, 0.75]
		},
		"fixed": {
			"rotation": [0, 0, 45],
			"translation": [3.75, -5.5, 0],
			"scale": [0.9, 0.9, 0.9]
		}
	}
}