{
	"credit": "Made with Blockbench",
	"texture_size": [32, 32],
	"textures": {
		"0": "block/diamond_sword",
		"particle": "block/diamond_sword"
	},
	"elements": [
		{
			"from": [8.725, 14.37032, 5.79307],
			"to": [9.276, 18.77032, 10.19307],
			"rotation": {"angle": 45, "axis": "x", "origin": [8.62, 16.56981, 7.99307]},
			"faces": {
				"north": {"uv": [7, 0, 7.25, 2.25], "texture": "#0"},
				"east": {"uv": [6.25, 2.5, 4, 4.75], "texture": "#0"},
				"south": {"uv": [7, 2.5, 7.25, 4.75], "texture": "#0"},
				"west": {"uv": [4, 2.5, 6.25, 4.75], "texture": "#0"},
				"up": {"uv": [7.25, 7.25, 7, 5], "texture": "#0"},
				"down": {"uv": [7.75, 0, 7.5, 2.25], "texture": "#0"}
			}
		},
		{
			"from": [8.74, 6.9, 5.9],
			"to": [9.26, 15.9, 10.1],
			"rotation": {"angle": 0, "axis": "x", "origin": [6.35, 15.9, 8]},
			"faces": {
				"north": {"uv": [0.5, 6, 0.75, 10.5], "texture": "#0"},
				"east": {"uv": [4, 0, 2, 4.5], "texture": "#0"},
				"south": {"uv": [1, 6, 1.25, 10.5], "texture": "#0"},
				"west": {"uv": [2, 0, 4, 4.5], "texture": "#0"},
				"up": {"uv": [7.75, 6.5, 7.5, 4.5], "texture": "#0"},
				"down": {"uv": [5.75, 7.5, 5.5, 9.5], "texture": "#0"}
			}
		},
		{
			"from": [8.6, 6, 5.4],
			"to": [9.4, 7, 10.6],
			"rotation": {"angle": 0, "axis": "x", "origin": [7.4, 12, 8.5]},
			"faces": {
				"north": {"uv": [3, 4.5, 3.5, 5], "texture": "#0"},
				"east": {"uv": [3, 5, 5.5, 5.5], "texture": "#0"},
				"south": {"uv": [3.5, 4.5, 4, 5], "texture": "#0"},
				"west": {"uv": [3, 5.5, 5.5, 6], "texture": "#0"},
				"up": {"uv": [6, 7.5, 5.5, 5], "texture": "#0"},
				"down": {"uv": [0.5, 6, 0, 8.5], "texture": "#0"}
			}
		},
		{
			"from": [8.65145, 1, 7.66062],
			"to": [9.34835, 6, 8.35752],
			"rotation": {"angle": -45, "axis": "y", "origin": [8.9999, 4.5, 8.00907]},
			"faces": {
				"north": {"uv": [6, 5, 6.25, 7.5], "texture": "#0"},
				"east": {"uv": [6.5, 0, 6.75, 2.5], "texture": "#0"},
				"south": {"uv": [6.5, 2.5, 6.75, 5], "texture": "#0"},
				"west": {"uv": [6.5, 5, 6.75, 7.5], "texture": "#0"},
				"up": {"uv": [8.25, 2.25, 8, 2], "texture": "#0"},
				"down": {"uv": [8.75, 0, 8.5, 0.25], "texture": "#0"}
			}
		},
		{
			"from": [8.5, 5.7, 10.3],
			"to": [9.5, 7.2, 11.8],
			"rotation": {"angle": 45, "axis": "x", "origin": [9, 6.45, 11.05]},
			"faces": {
				"north": {"uv": [6, 7.5, 6.5, 8.25], "texture": "#0"},
				"east": {"uv": [1.5, 7.5, 2.25, 8.25], "texture": "#0"},
				"south": {"uv": [6.5, 7.5, 7, 8.25], "texture": "#0"},
				"west": {"uv": [2.5, 7.5, 3.25, 8.25], "texture": "#0"},
				"up": {"uv": [8, 7.25, 7.5, 6.5], "texture": "#0"},
				"down": {"uv": [7.5, 7.5, 7, 8.25], "texture": "#0"}
			}
		},
		{
			"from": [8.5, 5.7, 4.4],
			"to": [9.5, 7.2, 5.9],
			"rotation": {"angle": 45, "axis": "x", "origin": [9, 6.45, 5.15]},
			"faces": {
				"north": {"uv": [7.5, 7.5, 8, 8.25], "texture": "#0"},
				"east": {"uv": [7.5, 2.5, 8.25, 3.25], "texture": "#0"},
				"south": {"uv": [8, 0, 8.5, 0.75], "texture": "#0"},
				"west": {"uv": [3.5, 7.5, 4.25, 8.25], "texture": "#0"},
				"up": {"uv": [8.5, 1.75, 8, 1], "texture": "#0"},
				"down": {"uv": [8.5, 4.5, 8, 5.25], "texture": "#0"}
			}
		},
		{
			"from": [8.5, -0.3, 7.22],
			"to": [9.5, 1.2, 8.72],
			"rotation": {"angle": 45, "axis": "x", "origin": [9, 0.45, 8.05]},
			"faces": {
				"north": {"uv": [8, 5.5, 8.5, 6.25], "texture": "#0"},
				"east": {"uv": [7.5, 3.5, 8.25, 4.25], "texture": "#0"},
				"south": {"uv": [8, 6.5, 8.5, 7.25], "texture": "#0"},
				"west": {"uv": [4.5, 7.5, 5.25, 8.25], "texture": "#0"},
				"up": {"uv": [8.5, 8.25, 8, 7.5], "texture": "#0"},
				"down": {"uv": [0.5, 8.5, 0, 9.25], "texture": "#0"}
			}
		},
		{
			"from": [8.37, 5, 6.22],
			"to": [9.62, 7.5, 8.72],
			"rotation": {"angle": 45, "axis": "x", "origin": [9.1, 5.75, 8.05]},
			"faces": {
				"north": {"uv": [1.5, 6, 2.25, 7.25], "texture": "#0"},
				"east": {"uv": [0, 4.5, 1.25, 5.75], "texture": "#0"},
				"south": {"uv": [2.5, 6, 3.25, 7.25], "texture": "#0"},
				"west": {"uv": [1.5, 4.5, 2.75, 5.75], "texture": "#0"},
				"up": {"uv": [4.25, 7.25, 3.5, 6], "texture": "#0"},
				"down": {"uv": [5.25, 6, 4.5, 7.25], "texture": "#0"}
			}
		}
	],
	"display": {
		"thirdperson_righthand": {
			"translation": [-1.75, 6, 0],
			"scale": [1.65, 1.65, 1.65]
		},
		"thirdperson_lefthand": {
			"translation": [-1.75, 6.25, 0],
			"scale": [-1.65, 1.65, 1.65]
		},
		"firstperson_righthand": {
			"rotation": [3, -4, -7],
			"translation": [0, 3.5, 0],
			"scale": [0.8, 0.8, 0.8]
		},
		"firstperson_lefthand": {
			"rotation": [5, 180, 9],
			"translation": [1.75, 4, 0],
			"scale": [-0.8, 0.8, 0.8]
		},
		"ground": {
			"rotation": [44, -32, 43],
			"translation": [0, 1.25, 0],
			"scale": [0.6, 0.6, 0.6]
		},
		"gui": {
			"rotation": [-141, -52, -106],
			"translation": [-0.75, -0.5, 0],
			"scale": [-1.1, 1.1, -1.1]
		},
		"fixed": {
			"rotation": [-90, 45, 90],
			"translation": [0.75, -1.25, -2],
			"scale": [-1.2, 1.2, -1.2]
		}
	},
	"credits": "Blockbench"
}