{
	"credit": "Made with Blockbench",
	"texture_size": [32, 32],
	"textures": {
		"0": "block/golden_axe",
		"particle": "block/golden_axe"
	},
	"elements": [
		{
			"from": [7.23995, 2, 7.31871],
			"to": [8.63995, 16, 8.71871],
			"rotation": {"angle": -45, "axis": "y", "origin": [7.98995, 7.91421, 8.06871]},
			"faces": {
				"north": {"uv": [8, 3.5, 8.5, 10.5], "texture": "#0"},
				"east": {"uv": [8.5, 0, 9, 7], "texture": "#0"},
				"south": {"uv": [8.5, 7, 9, 14], "texture": "#0"},
				"west": {"uv": [9, 0, 9.5, 7], "texture": "#0"},
				"up": {"uv": [5, 4, 4.5, 3.5], "texture": "#0"},
				"down": {"uv": [5.5, 3.5, 5, 4], "texture": "#0"}
			}
		},
		{
			"from": [3.26741, 19.795, 7.5085],
			"to": [12.66741, 23.795, 8.4885],
			"rotation": {"angle": 0, "axis": "y", "origin": [4.46741, 20.275, 7.50805]},
			"faces": {
				"north": {"uv": [0, 0, 4.5, 2], "texture": "#0"},
				"east": {"uv": [10.5, 9, 11, 11], "texture": "#0"},
				"south": {"uv": [4.5, 0, 0, 2], "texture": "#0"},
				"west": {"uv": [0, 11, 0.5, 13], "texture": "#0"},
				"up": {"uv": [13.5, 7.5, 9, 7], "texture": "#0"},
				"down": {"uv": [13.5, 7.5, 9, 8], "texture": "#0"}
			}
		},
		{
			"from": [11.13777, 20.87411, 7.5071],
			"to": [14.63777, 27.47411, 8.5101],
			"rotation": {"angle": 22.5, "axis": "z", "origin": [12.88777, 24.17411, 8.0086]},
			"faces": {
				"north": {"uv": [0, 4, 2, 7.5], "texture": "#0"},
				"east": {"uv": [9.5, 1.5, 10, 5], "texture": "#0"},
				"south": {"uv": [2, 4, 0, 7.5], "texture": "#0"},
				"west": {"uv": [9, 9.5, 9.5, 13], "texture": "#0"},
				"up": {"uv": [11.5, 7, 9.5, 6.5], "texture": "#0"},
				"down": {"uv": [13, 1, 11, 1.5], "texture": "#0"}
			}
		},
		{
			"from": [11.13777, 16.11589, 7.508],
			"to": [14.63777, 22.71589, 8.509],
			"rotation": {"angle": -22.5, "axis": "z", "origin": [12.88777, 19.41589, 8.0085]},
			"faces": {
				"north": {"uv": [4, 4, 6, 7.5], "texture": "#0"},
				"east": {"uv": [9.5, 9.5, 10, 13], "texture": "#0"},
				"south": {"uv": [6, 4, 4, 7.5], "texture": "#0"},
				"west": {"uv": [10, 1.5, 10.5, 5], "texture": "#0"},
				"up": {"uv": [13, 2, 11, 1.5], "texture": "#0"},
				"down": {"uv": [13, 2, 11, 2.5], "texture": "#0"}
			}
		},
		{
			"from": [1.69962, 20.21026, 7.5071],
			"to": [5.19962, 26.81026, 8.5101],
			"rotation": {"angle": -22.5, "axis": "z", "origin": [4.94962, 24.69026, 7.50805]},
			"faces": {
				"north": {"uv": [6, 7, 8, 10.5], "texture": "#0"},
				"east": {"uv": [6, 10.5, 6.5, 14], "texture": "#0"},
				"south": {"uv": [8, 7, 6, 10.5], "texture": "#0"},
				"west": {"uv": [6.5, 10.5, 7, 14], "texture": "#0"},
				"up": {"uv": [13, 4, 11, 3.5], "texture": "#0"},
				"down": {"uv": [13, 4, 11, 4.5], "texture": "#0"}
			}
		},
		{
			"from": [0.79649, 16.6001, 7.508],
			"to": [4.29649, 23.2001, 8.509],
			"rotation": {"angle": 22.5, "axis": "z", "origin": [4.04649, 21.0801, 7.50805]},
			"faces": {
				"north": {"uv": [6, 3.5, 8, 7], "texture": "#0"},
				"east": {"uv": [10, 9.5, 10.5, 13], "texture": "#0"},
				"south": {"uv": [8, 3.5, 6, 7], "texture": "#0"},
				"west": {"uv": [10.5, 1.5, 11, 5], "texture": "#0"},
				"up": {"uv": [13, 3, 11, 2.5], "texture": "#0"},
				"down": {"uv": [13, 3, 11, 3.5], "texture": "#0"}
			}
		},
		{
			"from": [6.5, 0.5, 7],
			"to": [9, 3, 9],
			"rotation": {"angle": 45, "axis": "z", "origin": [8, 2, 8]},
			"faces": {
				"north": {"uv": [9, 8, 10.5, 9.5], "texture": "#0"},
				"east": {"uv": [9.5, 5, 10.5, 6.5], "texture": "#0"},
				"south": {"uv": [9.5, 0, 11, 1.5], "texture": "#0"},
				"west": {"uv": [10.5, 5, 11.5, 6.5], "texture": "#0"},
				"up": {"uv": [8.5, 11.5, 7, 10.5], "texture": "#0"},
				"down": {"uv": [12, 8, 10.5, 9], "texture": "#0"}
			}
		},
		{
			"from": [7.26421, 15.8, 6.89445],
			"to": [9.26421, 24.8, 8.89445],
			"rotation": {"angle": -45, "axis": "y", "origin": [8.01421, 6.85343, 7.64445]},
			"faces": {
				"north": {"uv": [2, 7.5, 3, 12], "texture": "#0"},
				"east": {"uv": [3, 7.5, 4, 12], "texture": "#0"},
				"south": {"uv": [4, 7.5, 5, 12], "texture": "#0"},
				"west": {"uv": [5, 7.5, 6, 12], "texture": "#0"},
				"up": {"uv": [12, 1, 11, 0], "texture": "#0"},
				"down": {"uv": [1.5, 11, 0.5, 12], "texture": "#0"}
			}
		},
		{
			"from": [13.78913, 21.5656, 7.507],
			"to": [14.66413, 22.5656, 7.507],
			"rotation": {"angle": 22.5, "axis": "z", "origin": [14.16413, 22.0656, 7.5071]},
			"faces": {
				"north": {"uv": [12, 0.5, 12.4375, 1], "texture": "#0"},
				"east": {"uv": [0, 0, 0, 0.5], "texture": "#0"},
				"south": {"uv": [12, 0, 12.4375, 0.5], "texture": "#0"},
				"west": {"uv": [0, 0, 0, 0.5], "texture": "#0"},
				"up": {"uv": [0, 0, 0.4375, 0], "texture": "#0"},
				"down": {"uv": [0, 0, 0.4375, 0], "texture": "#0"}
			}
		},
		{
			"from": [13.78913, 21.5656, 8.518],
			"to": [14.66413, 22.5656, 8.518],
			"rotation": {"angle": 22.5, "axis": "z", "origin": [14.16413, 22.0656, 8.5179]},
			"faces": {
				"north": {"uv": [12.4375, 0, 12, 0.5], "texture": "#0"},
				"east": {"uv": [0, 0, 0, 0.5], "texture": "#0"},
				"south": {"uv": [12.4375, 0.5, 12, 1], "texture": "#0"},
				"west": {"uv": [0, 0, 0, 0.5], "texture": "#0"},
				"up": {"uv": [0, 0, 0.4375, 0], "texture": "#0"},
				"down": {"uv": [0, 0, 0.4375, 0], "texture": "#0"}
			}
		},
		{
			"from": [1.33587, 21.5656, 7.507],
			"to": [2.21087, 22.5656, 7.507],
			"rotation": {"angle": -22.5, "axis": "z", "origin": [1.83587, 22.0656, 7.5071]},
			"faces": {
				"north": {"uv": [12.4375, 0.5, 12, 1], "texture": "#0"},
				"east": {"uv": [0, 0, 0, 0.5], "texture": "#0"},
				"south": {"uv": [12.4375, 0, 12, 0.5], "texture": "#0"},
				"west": {"uv": [0, 0, 0, 0.5], "texture": "#0"},
				"up": {"uv": [0.4375, 0, 0, 0], "texture": "#0"},
				"down": {"uv": [0.4375, 0, 0, 0], "texture": "#0"}
			}
		},
		{
			"from": [1.33587, 21.5656, 8.532],
			"to": [2.21087, 22.5656, 8.532],
			"rotation": {"angle": -22.5, "axis": "z", "origin": [1.83587, 22.0656, 8.5321]},
			"faces": {
				"north": {"uv": [12.4375, 0.5, 12, 1], "texture": "#0"},
				"east": {"uv": [0, 0, 0, 0.5], "texture": "#0"},
				"south": {"uv": [12.4375, 0, 12, 0.5], "texture": "#0"},
				"west": {"uv": [0, 0, 0, 0.5], "texture": "#0"},
				"up": {"uv": [0.4375, 0, 0, 0], "texture": "#0"},
				"down": {"uv": [0.4375, 0, 0, 0], "texture": "#0"}
			}
		}
	],
	"display": {
		"thirdperson_righthand": {
			"rotation": [0, 90, 0],
			"translation": [0, -4, 0]
		},
		"thirdperson_lefthand": {
			"rotation": [0, -90, 0],
			"translation": [0, -4, 0]
		},
		"firstperson_righthand": {
			"rotation": [122.52, 85.03, -111.34],
			"translation": [0, 0.25, 0],
			"scale": [0.55, 0.55, 0.55]
		},
		"firstperson_lefthand": {
			"rotation": [-105, -82, -114],
			"translation": [0, 0.25, 0],
			"scale": [0.55, 0.55, 0.55]
		},
		"ground": {
			"rotation": [12.74, 17, -28.36],
			"translation": [0, 1.75, 0],
			"scale": [0.4, 0.4, 0.4]
		},
		"gui": {
			"rotation": [140.93, 0.17, -143.26],
			"translation": [-4, -3.5, 0],
			"scale": [0.75, 0.75, 0.75]
		},
		"fixed": {
			"rotation": [0, 0, 45],
			"translation": [4.5, -5.5, 0],
			"scale": [0.9, 0.9, 0.9]
		}
	}
}