{
	"credit": "Made with Blockbench",
	"texture_size": [32, 32],
	"textures": {
		"0": "block/golden_sword"
	},
	"elements": [
		{
			"from": [4, 9, 7],
			"to": [12, 11, 9],
			"rotation": {"angle": 0, "axis": "y", "origin": [7, 9, 7]},
			"faces": {
				"north": {"uv": [7, 0, 11, 1], "texture": "#0"},
				"east": {"uv": [9.5, 7.5, 10.5, 8.5], "texture": "#0"},
				"south": {"uv": [7, 1, 11, 2], "texture": "#0"},
				"west": {"uv": [8.5, 9.5, 9.5, 10.5], "texture": "#0"},
				"up": {"uv": [11, 3, 7, 2], "texture": "#0"},
				"down": {"uv": [11, 3, 7, 4], "texture": "#0"}
			}
		},
		{
			"from": [11, 9.001, 7.43431],
			"to": [12.4, 11.001, 8.83431],
			"rotation": {"angle": -45, "axis": "y", "origin": [12, 10, 8.43431]},
			"faces": {
				"north": {"uv": [9.5, 8.5, 10, 9.5], "texture": "#0"},
				"east": {"uv": [9.5, 9.5, 10, 10.5], "texture": "#0"},
				"south": {"uv": [10, 4, 10.5, 5], "texture": "#0"},
				"west": {"uv": [10, 8.5, 10.5, 9.5], "texture": "#0"},
				"up": {"uv": [2, 11, 1.5, 10.5], "texture": "#0"},
				"down": {"uv": [2.5, 10.5, 2, 11], "texture": "#0"}
			}
		},
		{
			"from": [3, 9.001, 7.43431],
			"to": [4.4, 11.001, 8.83431],
			"rotation": {"angle": -45, "axis": "y", "origin": [4, 10, 8.43431]},
			"faces": {
				"north": {"uv": [10, 9.5, 10.5, 10.5], "texture": "#0"},
				"east": {"uv": [0, 10.5, 0.5, 11.5], "texture": "#0"},
				"south": {"uv": [0.5, 10.5, 1, 11.5], "texture": "#0"},
				"west": {"uv": [1, 10.5, 1.5, 11.5], "texture": "#0"},
				"up": {"uv": [3, 11, 2.5, 10.5], "texture": "#0"},
				"down": {"uv": [3.5, 10.5, 3, 11], "texture": "#0"}
			}
		},
		{
			"from": [6.5, 0.5, 7],
			"to": [9, 3, 9],
			"rotation": {"angle": 45, "axis": "z", "origin": [8, 2, 8]},
			"faces": {
				"north": {"uv": [7, 4, 8.5, 5.5], "texture": "#0"},
				"east": {"uv": [8.5, 8, 9.5, 9.5], "texture": "#0"},
				"south": {"uv": [7, 5.5, 8.5, 7], "texture": "#0"},
				"west": {"uv": [9, 4, 10, 5.5], "texture": "#0"},
				"up": {"uv": [10.5, 6.5, 9, 5.5], "texture": "#0"},
				"down": {"uv": [10.5, 6.5, 9, 7.5], "texture": "#0"}
			}
		},
		{
			"from": [7.25, 1, 7.35],
			"to": [8.65, 9, 8.68],
			"rotation": {"angle": -45, "axis": "y", "origin": [8, 4.5, 8.1]},
			"faces": {
				"north": {"uv": [8.5, 4, 9, 8], "texture": "#0"},
				"east": {"uv": [7.5, 7, 8, 11], "texture": "#0"},
				"south": {"uv": [8, 7, 8.5, 11], "texture": "#0"},
				"west": {"uv": [7, 7, 7.5, 11], "texture": "#0"},
				"up": {"uv": [9.5, 8, 9, 7.5], "texture": "#0"},
				"down": {"uv": [10.5, 5, 10, 5.5], "texture": "#0"}
			}
		},
		{
			"from": [4, 9, 7],
			"to": [12, 11, 9],
			"rotation": {"angle": 0, "axis": "y", "origin": [7, 9, 7]},
			"faces": {
				"north": {"uv": [7, 0, 11, 1], "texture": "#0"},
				"east": {"uv": [9.5, 7.5, 10.5, 8.5], "texture": "#0"},
				"south": {"uv": [7, 1, 11, 2], "texture": "#0"},
				"west": {"uv": [8.5, 9.5, 9.5, 10.5], "texture": "#0"},
				"up": {"uv": [11, 3, 7, 2], "texture": "#0"},
				"down": {"uv": [11, 3, 7, 4], "texture": "#0"}
			}
		},
		{
			"from": [11, 9.001, 7.43431],
			"to": [12.4, 11.001, 8.83431],
			"rotation": {"angle": -45, "axis": "y", "origin": [12, 10, 8.43431]},
			"faces": {
				"north": {"uv": [9.5, 8.5, 10, 9.5], "texture": "#0"},
				"east": {"uv": [9.5, 9.5, 10, 10.5], "texture": "#0"},
				"south": {"uv": [10, 4, 10.5, 5], "texture": "#0"},
				"west": {"uv": [10, 8.5, 10.5, 9.5], "texture": "#0"},
				"up": {"uv": [2, 11, 1.5, 10.5], "texture": "#0"},
				"down": {"uv": [2.5, 10.5, 2, 11], "texture": "#0"}
			}
		},
		{
			"from": [3, 9.001, 7.43431],
			"to": [4.4, 11.001, 8.83431],
			"rotation": {"angle": -45, "axis": "y", "origin": [4, 10, 8.43431]},
			"faces": {
				"north": {"uv": [10, 9.5, 10.5, 10.5], "texture": "#0"},
				"east": {"uv": [0, 10.5, 0.5, 11.5], "texture": "#0"},
				"south": {"uv": [0.5, 10.5, 1, 11.5], "texture": "#0"},
				"west": {"uv": [1, 10.5, 1.5, 11.5], "texture": "#0"},
				"up": {"uv": [3, 11, 2.5, 10.5], "texture": "#0"},
				"down": {"uv": [3.5, 10.5, 3, 11], "texture": "#0"}
			}
		},
		{
			"from": [6.5, 0.5, 7],
			"to": [9, 3, 9],
			"rotation": {"angle": 45, "axis": "z", "origin": [8, 2, 8]},
			"faces": {
				"north": {"uv": [7, 4, 8.5, 5.5], "texture": "#0"},
				"east": {"uv": [8.5, 8, 9.5, 9.5], "texture": "#0"},
				"south": {"uv": [7, 5.5, 8.5, 7], "texture": "#0"},
				"west": {"uv": [9, 4, 10, 5.5], "texture": "#0"},
				"up": {"uv": [10.5, 6.5, 9, 5.5], "texture": "#0"},
				"down": {"uv": [10.5, 6.5, 9, 7.5], "texture": "#0"}
			}
		},
		{
			"from": [4.5, 11, 7.5],
			"to": [11.5, 32, 8.502],
			"rotation": {"angle": 0, "axis": "y", "origin": [8.5, 11, 6.5]},
			"faces": {
				"north": {"uv": [7, 0, 3.5, 10.5], "texture": "#0"},
				"east": {"uv": [1, 0, 0.5, 10.5], "texture": "#0"},
				"south": {"uv": [3.5, 0, 7, 10.5], "texture": "#0"},
				"west": {"uv": [0, 0, 0.5, 10.5], "texture": "#0"},
				"up": {"uv": [3.5, 10.5, 7, 11], "texture": "#0"},
				"down": {"uv": [0, 0, 3.5, 0], "texture": "#0"}
			}
		},
		{
			"from": [5.5, 29, 7.501],
			"to": [10.5, 31, 8.501],
			"rotation": {"angle": 0, "axis": "y", "origin": [11.5, 30, 7.5]},
			"faces": {
				"north": {"uv": [3.5, 7.5, 1, 8.5], "texture": "#0"},
				"east": {"uv": [1.5, 0, 1, 1], "texture": "#0"},
				"south": {"uv": [3.5, 2, 1, 3], "texture": "#0"},
				"west": {"uv": [2, 0, 1.5, 1], "texture": "#0"},
				"up": {"uv": [3.5, 1, 1, 1.5], "texture": "#0"},
				"down": {"uv": [3.5, 1.5, 1, 2], "texture": "#0"}
			}
		},
		{
			"from": [6.5, 31, 7.501],
			"to": [9.5, 32, 8.501],
			"rotation": {"angle": 0, "axis": "y", "origin": [11.5, 31, 7.5]},
			"faces": {
				"north": {"uv": [3, 9, 1.5, 9.5], "texture": "#0"},
				"east": {"uv": [3, 4, 2.5, 4.5], "texture": "#0"},
				"south": {"uv": [2.5, 3.5, 1, 4], "texture": "#0"},
				"west": {"uv": [3, 3.5, 2.5, 4], "texture": "#0"},
				"up": {"uv": [2.5, 3, 1, 3.5], "texture": "#0"},
				"down": {"uv": [2.5, 2.5, 1, 3], "texture": "#0"}
			}
		},
		{
			"from": [4.5, 28, 7.501],
			"to": [11.5, 29, 8.501],
			"rotation": {"angle": 0, "axis": "y", "origin": [9.5, 28, 7.5]},
			"faces": {
				"north": {"uv": [3.5, 5.5, 1, 6], "texture": "#0"},
				"east": {"uv": [2, 4.5, 1.5, 5], "texture": "#0"},
				"south": {"uv": [3.5, 1.5, 1, 2], "texture": "#0"},
				"west": {"uv": [2.5, 6.5, 2, 7], "texture": "#0"},
				"up": {"uv": [3.5, 10, 1, 10.5], "texture": "#0"},
				"down": {"uv": [3.5, 3, 1, 3.5], "texture": "#0"}
			}
		}
	],
	"display": {
		"thirdperson_righthand": {
			"rotation": [0, 90, 0]
		},
		"thirdperson_lefthand": {
			"rotation": [0, 90, 0]
		},
		"firstperson_righthand": {
			"rotation": [89.47, 83.39, -86.27],
			"translation": [1.5, 0.75, -1],
			"scale": [0.5, 0.5, 0.5]
		},
		"firstperson_lefthand": {
			"rotation": [89.47, 83.39, -86.27],
			"translation": [1.5, 0.75, -1],
			"scale": [0.5, 0.5, 0.5]
		},
		"ground": {
			"rotation": [45, 45, 0],
			"scale": [0.4, 0.4, 0.4]
		},
		"gui": {
			"rotation": [-31.98, 1.49, -36.01],
			"translation": [-2.5, -3.75, 0],
			"scale": [0.65, 0.65, 0.65]
		},
		"head": {
			"rotation": [0, 0, 180],
			"translation": [0, 19, 0]
		},
		"fixed": {
			"rotation": [0, 0, 45.5],
			"translation": [4.5, -4.75, 0],
			"scale": [0.8, 0.8, 0.8]
		}
	},
	"groups": [
		{
			"name": "DiaSword",
			"origin": [7.5, 11, 7],
			"color": 0,
			"children": [0, 1, 2, 3, 4, 5, 6, 7, 8, 9, 10, 11, 12]
		}
	]
}