{
	"credit": "Made with Blockbench",
	"texture_size": [32, 32],
	"textures": {
		"0": "block/iron_axe",
		"particle": "block/iron_axe"
	},
	"elements": [
		{
			"from": [7.23995, 2, 7.31871],
			"to": [8.63995, 16, 8.71871],
			"rotation": {"angle": -45, "axis": "y", "origin": [7.98995, 7.91421, 8.06871]},
			"faces": {
				"north": {"uv": [6, 6, 6.5, 12.5], "texture": "#0"},
				"east": {"uv": [4, 7, 4.5, 13.5], "texture": "#0"},
				"south": {"uv": [6.5, 6, 7, 12.5], "texture": "#0"},
				"west": {"uv": [4.5, 7, 5, 13.5], "texture": "#0"},
				"up": {"uv": [6, 4.5, 5.5, 4], "texture": "#0"},
				"down": {"uv": [6, 4.5, 5.5, 5], "texture": "#0"}
			}
		},
		{
			"from": [4.76741, 19.52, 7.508],
			"to": [15.76741, 24.12, 8.509],
			"rotation": {"angle": 0, "axis": "y", "origin": [4.76741, 21, 7.50805]},
			"faces": {
				"north": {"uv": [0, 0, 5.5, 2.5], "texture": "#0"},
				"east": {"uv": [5, 8.5, 5.5, 11], "texture": "#0"},
				"south": {"uv": [5.5, 0, 0, 2.5], "texture": "#0"},
				"west": {"uv": [5.5, 8.5, 6, 11], "texture": "#0"},
				"up": {"uv": [12.5, 6.5, 7, 6], "texture": "#0"},
				"down": {"uv": [12.5, 6.5, 7, 7], "texture": "#0"}
			}
		},
		{
			"from": [10.60962, 17.73942, 7.507],
			"to": [14.60962, 21.73942, 8.51],
			"rotation": {"angle": -22.5, "axis": "z", "origin": [9.60962, 17.71942, 7.50905]},
			"faces": {
				"north": {"uv": [5.5, 2, 7.5, 4], "texture": "#0"},
				"east": {"uv": [9, 7, 9.5, 9], "texture": "#0"},
				"south": {"uv": [7.5, 2, 5.5, 4], "texture": "#0"},
				"west": {"uv": [8.5, 9, 9, 11], "texture": "#0"},
				"up": {"uv": [10.5, 3, 8.5, 2.5], "texture": "#0"},
				"down": {"uv": [11, 0, 9, 0.5], "texture": "#0"}
			}
		},
		{
			"from": [6.5, 0.5, 7],
			"to": [9, 3, 9],
			"rotation": {"angle": 45, "axis": "z", "origin": [8, 2, 8]},
			"faces": {
				"north": {"uv": [7, 7, 8.5, 8.5], "texture": "#0"},
				"east": {"uv": [5, 7, 6, 8.5], "texture": "#0"},
				"south": {"uv": [7.5, 0, 9, 1.5], "texture": "#0"},
				"west": {"uv": [7.5, 1.5, 8.5, 3], "texture": "#0"},
				"up": {"uv": [9, 4, 7.5, 3], "texture": "#0"},
				"down": {"uv": [9.5, 4, 8, 5], "texture": "#0"}
			}
		},
		{
			"from": [7.26421, 15.8, 6.89445],
			"to": [9.26421, 25.025, 8.89445],
			"rotation": {"angle": -45, "axis": "y", "origin": [8.01421, 6.85343, 7.64445]},
			"faces": {
				"north": {"uv": [0, 5, 1, 10], "texture": "#0"},
				"east": {"uv": [1, 5, 0, 10], "texture": "#0"},
				"south": {"uv": [0, 5, 1, 10], "texture": "#0"},
				"west": {"uv": [3, 5, 4, 10], "texture": "#0"},
				"up": {"uv": [9.5, 2.5, 8.5, 1.5], "texture": "#0"},
				"down": {"uv": [8.5, 8.5, 7.5, 9.5], "texture": "#0"}
			}
		},
		{
			"from": [11.27878, 23.20329, 7.507],
			"to": [15.27878, 27.20329, 8.51],
			"rotation": {"angle": 22.5, "axis": "z", "origin": [13.28164, 24.87739, 7.759]},
			"faces": {
				"north": {"uv": [4, 5, 6, 7], "texture": "#0"},
				"east": {"uv": [7, 8.5, 7.5, 10.5], "texture": "#0"},
				"south": {"uv": [6, 5, 4, 7], "texture": "#0"},
				"west": {"uv": [8.5, 7, 9, 9], "texture": "#0"},
				"up": {"uv": [10, 5.5, 8, 5], "texture": "#0"},
				"down": {"uv": [10, 5.5, 8, 6], "texture": "#0"}
			}
		},
		{
			"from": [12.38305, 23.58217, 7.5068],
			"to": [14.40805, 25.58217, 7.5068],
			"rotation": {"angle": 22.5, "axis": "z", "origin": [13.39555, 24.58217, 7.5075]},
			"faces": {
				"north": {"uv": [10, 0.5, 11, 1.5], "texture": "#0"},
				"east": {"uv": [12.5, 0, 13, 1], "texture": "#0"},
				"south": {"uv": [9, 0.5, 10, 1.5], "texture": "#0"},
				"west": {"uv": [12, 0, 12.5, 1], "texture": "#0"},
				"up": {"uv": [11, 0.5, 12, 1], "texture": "#0"},
				"down": {"uv": [11, 0, 12, 0.5], "texture": "#0"}
			}
		},
		{
			"name": "low",
			"from": [12.25378, 18.02829, 7.5079],
			"to": [14.27878, 20.02829, 7.5079],
			"rotation": {"angle": -22.5, "axis": "z", "origin": [13.28164, 18.70239, 7.758]},
			"faces": {
				"north": {"uv": [11, 0.5, 10, 1.5], "rotation": 180, "texture": "#0"},
				"east": {"uv": [12, 0, 12.5, 1], "rotation": 180, "texture": "#0"},
				"south": {"uv": [9, 0.5, 10, 1.5], "rotation": 180, "texture": "#0"},
				"west": {"uv": [12.5, 0, 13, 1], "rotation": 180, "texture": "#0"},
				"up": {"uv": [11, 0, 12, 0.5], "rotation": 180, "texture": "#0"},
				"down": {"uv": [11, 0.5, 12, 1], "rotation": 180, "texture": "#0"}
			}
		},
		{
			"from": [12.38305, 23.58217, 8.51],
			"to": [14.40805, 25.58217, 8.51],
			"rotation": {"angle": 22.5, "axis": "z", "origin": [13.39555, 24.58217, 8.51]},
			"faces": {
				"north": {"uv": [10, 0.5, 9, 1.5], "texture": "#0"},
				"east": {"uv": [13, 0, 12.5, 1], "texture": "#0"},
				"south": {"uv": [11, 0.5, 10, 1.5], "texture": "#0"},
				"west": {"uv": [12.5, 0, 12, 1], "texture": "#0"},
				"up": {"uv": [11, 1, 12, 0.5], "texture": "#0"},
				"down": {"uv": [11, 0.5, 12, 0], "texture": "#0"}
			}
		},
		{
			"name": "low",
			"from": [12.25378, 18.02829, 8.5085],
			"to": [14.27878, 20.02829, 8.5085],
			"rotation": {"angle": -22.5, "axis": "z", "origin": [13.28164, 18.70239, 8.242]},
			"faces": {
				"north": {"uv": [10, 0.5, 9, 1.5], "rotation": 180, "texture": "#0"},
				"east": {"uv": [12.5, 0, 12, 1], "rotation": 180, "texture": "#0"},
				"south": {"uv": [10, 0.5, 11, 1.5], "rotation": 180, "texture": "#0"},
				"west": {"uv": [13, 0, 12.5, 1], "rotation": 180, "texture": "#0"},
				"up": {"uv": [11, 0.5, 12, 0], "rotation": 180, "texture": "#0"},
				"down": {"uv": [11, 1, 12, 0.5], "rotation": 180, "texture": "#0"}
			}
		}
	],
	"display": {
		"thirdperson_righthand": {
			"rotation": [0, 90, 0],
			"translation": [0, -4, 0]
		},
		"thirdperson_lefthand": {
			"rotation": [0, -90, 0],
			"translation": [0, -4, 0]
		},
		"firstperson_righthand": {
			"rotation": [122.52, 85.03, -111.34],
			"translation": [0, 0.25, 0],
			"scale": [0.55, 0.55, 0.55]
		},
		"firstperson_lefthand": {
			"rotation": [-105, -82, -114],
			"translation": [0, 0.25, 0],
			"scale": [0.55, 0.55, 0.55]
		},
		"ground": {
			"rotation": [12.74, 17, -28.36],
			"translation": [0, 1.75, 0],
			"scale": [0.4, 0.4, 0.4]
		},
		"gui": {
			"rotation": [140.93, 0.17, -143.26],
			"translation": [-2.5, -3.75, 0],
			"scale": [0.75, 0.75, 0.75]
		},
		"fixed": {
			"rotation": [0, 0, 45],
			"translation": [3.75, -5.5, 0],
			"scale": [0.9, 0.9, 0.9]
		}
	},
	"groups": [
		0,
		1,
		2,
		3,
		4,
		5,
		{
			"name": "group",
			"origin": [12.84116, 23.18478, 7.507],
			"color": 0,
			"children": [6, 7, 8, 9]
		}
	]
}