{
	"credit": "Made with Blockbench",
	"texture_size": [32, 32],
	"textures": {
		"0": "block/netherite_hoe",
		"particle": "block/netherite_hoe"
	},
	"elements": [
		{
			"from": [3.01079, 21.675, 7.5095],
			"to": [12.98579, 24.875, 8.4985],
			"rotation": {"angle": 0, "axis": "y", "origin": [7.98579, 25.78, 8.00867]},
			"faces": {
				"north": {"uv": [5, 0, 0, 1.5], "texture": "#0"},
				"east": {"uv": [7, 8.5, 6.5, 10], "texture": "#0"},
				"south": {"uv": [5, 1.5, 0, 3], "texture": "#0"},
				"west": {"uv": [6.5, 8.5, 6, 10], "texture": "#0"},
				"up": {"uv": [5, 0.5, 10, 0], "texture": "#0"},
				"down": {"uv": [5, 0.5, 10, 1], "texture": "#0"}
			}
		},
		{
			"from": [11.64906, 20.5285, 7.5096],
			"to": [18.64906, 23.5285, 8.4966],
			"rotation": {"angle": -22.5, "axis": "z", "origin": [15.70209, 20.84166, 8.00945]},
			"faces": {
				"north": {"uv": [3.5, 3, 0, 4.5], "texture": "#0"},
				"east": {"uv": [7.5, 8.5, 7, 10], "texture": "#0"},
				"south": {"uv": [7, 3, 3.5, 4.5], "texture": "#0"},
				"west": {"uv": [9, 6.5, 8.5, 8], "texture": "#0"},
				"up": {"uv": [5, 3, 8.5, 2.5], "texture": "#0"},
				"down": {"uv": [6.5, 1, 10, 1.5], "texture": "#0"}
			}
		},
		{
			"from": [14.56448, 18.53639, 7.5104],
			"to": [17.56448, 20.68639, 8.5084],
			"rotation": {"angle": 22.5, "axis": "z", "origin": [15.70209, 20.84166, 8.00945]},
			"faces": {
				"north": {"uv": [8.5, 3, 7, 4], "texture": "#0"},
				"east": {"uv": [10.5, 2, 10, 3], "texture": "#0"},
				"south": {"uv": [8.5, 4, 7, 5], "texture": "#0"},
				"west": {"uv": [10.5, 1, 10, 2], "texture": "#0"},
				"up": {"uv": [8.5, 8.5, 10, 8], "texture": "#0"},
				"down": {"uv": [8.5, 8.5, 10, 9], "texture": "#0"}
			}
		},
		{
			"from": [15.65275, 18.40718, 7.5115],
			"to": [16.52775, 21.23218, 8.5075],
			"rotation": {"angle": -22.5, "axis": "z", "origin": [15.70209, 20.84166, 8.00945]},
			"faces": {
				"north": {"uv": [10.5, 6.5, 9, 7], "rotation": 90, "texture": "#0"},
				"east": {"uv": [9, 7.5, 10.5, 8], "rotation": 270, "texture": "#0"},
				"south": {"uv": [10.5, 7, 9, 7.5], "rotation": 270, "texture": "#0"},
				"west": {"uv": [7.5, 9.5, 9, 9], "rotation": 270, "texture": "#0"},
				"up": {"uv": [10.5, 5.5, 10, 6], "rotation": 270, "texture": "#0"},
				"down": {"uv": [10.5, 5, 10, 5.5], "rotation": 270, "texture": "#0"}
			}
		},
		{
			"from": [7, 0.5, 7],
			"to": [9.5, 3, 9],
			"rotation": {"angle": -45, "axis": "z", "origin": [8, 2, 8]},
			"faces": {
				"north": {"uv": [6.5, 1, 5, 2.5], "texture": "#0"},
				"east": {"uv": [8.5, 7.5, 7.5, 9], "texture": "#0"},
				"south": {"uv": [7.5, 6, 6, 7.5], "texture": "#0"},
				"west": {"uv": [8.5, 6, 7.5, 7.5], "texture": "#0"},
				"up": {"uv": [8.5, 3.5, 10, 2.5], "texture": "#0"},
				"down": {"uv": [8.5, 3.5, 10, 4.5], "texture": "#0"}
			}
		},
		{
			"from": [6.73579, 16.575, 6.89445],
			"to": [8.73579, 25.875, 8.89445],
			"rotation": {"angle": 45, "axis": "y", "origin": [7.98579, 7.45343, 7.64445]},
			"faces": {
				"north": {"uv": [3, 6, 2, 10.5], "texture": "#0"},
				"east": {"uv": [6, 6, 5, 10.5], "texture": "#0"},
				"south": {"uv": [5, 6, 4, 10.5], "texture": "#0"},
				"west": {"uv": [4, 6, 3, 10.5], "texture": "#0"},
				"up": {"uv": [8.5, 5.5, 9.5, 4.5], "texture": "#0"},
				"down": {"uv": [8.5, 5.5, 9.5, 6.5], "texture": "#0"}
			}
		},
		{
			"from": [7.36005, 2, 7.31871],
			"to": [8.76005, 20, 8.71871],
			"rotation": {"angle": 45, "axis": "y", "origin": [8.01005, 7.91421, 8.06871]},
			"faces": {
				"north": {"uv": [0.5, 6, 0, 15], "texture": "#0"},
				"east": {"uv": [2, 6, 1.5, 15], "texture": "#0"},
				"south": {"uv": [1.5, 6, 1, 15], "texture": "#0"},
				"west": {"uv": [1, 6, 0.5, 15], "texture": "#0"},
				"up": {"uv": [7, 10.5, 7.5, 10], "texture": "#0"},
				"down": {"uv": [7.5, 10, 8, 10.5], "texture": "#0"}
			}
		}
	],
	"display": {
		"thirdperson_righthand": {
			"rotation": [0, 90, 0],
			"translation": [0, -4, 0]
		},
		"thirdperson_lefthand": {
			"rotation": [0, 90, 0],
			"translation": [0, -4, 0]
		},
		"firstperson_righthand": {
			"rotation": [56.05, 84.96, -44.68],
			"translation": [-0.25, -0.25, 0],
			"scale": [0.55, 0.55, 0.55]
		},
		"firstperson_lefthand": {
			"rotation": [56.05, 84.96, -44.68],
			"translation": [-0.25, -0.25, 0],
			"scale": [0.55, 0.55, 0.55]
		},
		"ground": {
			"rotation": [12.74, 17, -28.36],
			"translation": [0, 1.75, 0],
			"scale": [0.4, 0.4, 0.4]
		},
		"gui": {
			"rotation": [140.93, 0.17, -143.26],
			"translation": [-3, -3.25, 0],
			"scale": [0.75, 0.75, 0.75]
		},
		"fixed": {
			"rotation": [0, 0, 45],
			"translation": [3.75, -4, 0],
			"scale": [0.9, 0.9, 0.9]
		}
	},
	"groups": [
		{
			"name": "group",
			"origin": [16.25655, 19.53634, 8.5095],
			"color": 0,
			"children": [
				{
					"name": "group",
					"origin": [16.25655, 19.53634, 8.5095],
					"color": 0,
					"children": [
						0,
						{
							"name": "group",
							"origin": [13.95183, 20.1092, 8.00895],
							"color": 0,
							"children": [1, 2, 3]
						}
					]
				},
				4,
				5,
				6
			]
		}
	]
}