{
	"credit": "Made with Blockbench",
	"texture_size": [32, 32],
	"textures": {
		"0": "block/netherite_pickaxe",
		"particle": "block/netherite_pickaxe"
	},
	"elements": [
		{
			"from": [3.01079, 21.675, 7.5095],
			"to": [12.98579, 24.875, 8.4985],
			"rotation": {"angle": 0, "axis": "y", "origin": [7.98579, 25.78, 8.00867]},
			"faces": {
				"north": {"uv": [5, 0, 0, 1.5], "texture": "#0"},
				"east": {"uv": [7, 8.5, 6.5, 10], "texture": "#0"},
				"south": {"uv": [5, 1.5, 0, 3], "texture": "#0"},
				"west": {"uv": [6.5, 8.5, 6, 10], "texture": "#0"},
				"up": {"uv": [5, 0.5, 10, 0], "texture": "#0"},
				"down": {"uv": [5, 0.5, 10, 1], "texture": "#0"}
			}
		},
		{
			"from": [12.15393, 25.69328, 7.509],
			"to": [19.15393, 28.69328, 8.509],
			"rotation": {"angle": -45, "axis": "z", "origin": [7.96079, 25.78, 7.99817]},
			"faces": {
				"north": {"uv": [3.5, 3, 0, 4.5], "texture": "#0"},
				"east": {"uv": [7.5, 8.5, 7, 10], "texture": "#0"},
				"south": {"uv": [7, 3, 3.5, 4.5], "texture": "#0"},
				"west": {"uv": [9, 6.5, 8.5, 8], "texture": "#0"},
				"up": {"uv": [5, 3, 8.5, 2.5], "texture": "#0"},
				"down": {"uv": [6.5, 1, 10, 1.5], "texture": "#0"}
			}
		},
		{
			"from": [12.81422, 17.80393, 7.5099],
			"to": [15.81422, 19.95393, 8.5079],
			"rotation": {"angle": 0, "axis": "y", "origin": [13.81422, 18.30393, 8.01]},
			"faces": {
				"north": {"uv": [8.5, 3, 7, 4], "texture": "#0"},
				"east": {"uv": [10.5, 2, 10, 3], "texture": "#0"},
				"south": {"uv": [8.5, 4, 7, 5], "texture": "#0"},
				"west": {"uv": [10.5, 1, 10, 2], "texture": "#0"},
				"up": {"uv": [8.5, 8.5, 10, 8], "texture": "#0"},
				"down": {"uv": [8.5, 8.5, 10, 9], "texture": "#0"}
			}
		},
		{
			"from": [11.87488, 19.0717, 7.511],
			"to": [14.69988, 19.9467, 8.507],
			"rotation": {"angle": 45, "axis": "z", "origin": [13.87488, 19.5717, 8.01]},
			"faces": {
				"north": {"uv": [10.5, 6.5, 9, 7], "texture": "#0"},
				"east": {"uv": [10.5, 5.5, 10, 6], "texture": "#0"},
				"south": {"uv": [10.5, 7, 9, 7.5], "texture": "#0"},
				"west": {"uv": [10.5, 5, 10, 5.5], "texture": "#0"},
				"up": {"uv": [7.5, 9.5, 9, 9], "texture": "#0"},
				"down": {"uv": [9, 7.5, 10.5, 8], "texture": "#0"}
			}
		},
		{
			"from": [-3.15393, 25.69328, 7.509],
			"to": [3.84607, 28.69328, 8.509],
			"rotation": {"angle": 45, "axis": "z", "origin": [8.03921, 25.78, 7.99817]},
			"faces": {
				"north": {"uv": [3.5, 4.5, 0, 6], "texture": "#0"},
				"east": {"uv": [10, 4.5, 9.5, 6], "texture": "#0"},
				"south": {"uv": [7, 4.5, 3.5, 6], "texture": "#0"},
				"west": {"uv": [9.5, 9, 9, 10.5], "texture": "#0"},
				"up": {"uv": [6.5, 2, 10, 1.5], "texture": "#0"},
				"down": {"uv": [6.5, 2, 10, 2.5], "texture": "#0"}
			}
		},
		{
			"from": [0.18578, 17.80393, 7.5099],
			"to": [3.18578, 19.95393, 8.5079],
			"rotation": {"angle": 0, "axis": "y", "origin": [2.18578, 18.30393, 8.01]},
			"faces": {
				"north": {"uv": [8.5, 5, 7, 6], "texture": "#0"},
				"east": {"uv": [10.5, 4, 10, 5], "texture": "#0"},
				"south": {"uv": [7.5, 7.5, 6, 8.5], "texture": "#0"},
				"west": {"uv": [10.5, 3, 10, 4], "texture": "#0"},
				"up": {"uv": [9.5, 6.5, 11, 6], "texture": "#0"},
				"down": {"uv": [7.5, 9.5, 9, 10], "texture": "#0"}
			}
		},
		{
			"from": [1.30012, 19.0717, 7.511],
			"to": [4.12512, 19.9467, 8.507],
			"rotation": {"angle": -45, "axis": "z", "origin": [2.12512, 19.5717, 8.01]},
			"faces": {
				"north": {"uv": [11, 9, 9.5, 9.5], "texture": "#0"},
				"east": {"uv": [7, 10, 6.5, 10.5], "texture": "#0"},
				"south": {"uv": [11, 9.5, 9.5, 10], "texture": "#0"},
				"west": {"uv": [6.5, 10, 6, 10.5], "texture": "#0"},
				"up": {"uv": [10, 0.5, 11.5, 0], "texture": "#0"},
				"down": {"uv": [10, 0.5, 11.5, 1], "texture": "#0"}
			}
		},
		{
			"from": [7, 0.5, 7],
			"to": [9.5, 3, 9],
			"rotation": {"angle": -45, "axis": "z", "origin": [8, 2, 8]},
			"faces": {
				"north": {"uv": [6.5, 1, 5, 2.5], "texture": "#0"},
				"east": {"uv": [8.5, 7.5, 7.5, 9], "texture": "#0"},
				"south": {"uv": [7.5, 6, 6, 7.5], "texture": "#0"},
				"west": {"uv": [8.5, 6, 7.5, 7.5], "texture": "#0"},
				"up": {"uv": [8.5, 3.5, 10, 2.5], "texture": "#0"},
				"down": {"uv": [8.5, 3.5, 10, 4.5], "texture": "#0"}
			}
		},
		{
			"from": [6.73579, 16.575, 6.89445],
			"to": [8.73579, 25.875, 8.89445],
			"rotation": {"angle": 45, "axis": "y", "origin": [7.98579, 7.45343, 7.64445]},
			"faces": {
				"north": {"uv": [3, 6, 2, 10.5], "texture": "#0"},
				"east": {"uv": [6, 6, 5, 10.5], "texture": "#0"},
				"south": {"uv": [5, 6, 4, 10.5], "texture": "#0"},
				"west": {"uv": [4, 6, 3, 10.5], "texture": "#0"},
				"up": {"uv": [8.5, 5.5, 9.5, 4.5], "texture": "#0"},
				"down": {"uv": [8.5, 5.5, 9.5, 6.5], "texture": "#0"}
			}
		},
		{
			"from": [7.36005, 2, 7.31871],
			"to": [8.76005, 20, 8.71871],
			"rotation": {"angle": 45, "axis": "y", "origin": [8.01005, 7.91421, 8.06871]},
			"faces": {
				"north": {"uv": [0.5, 6, 0, 15], "texture": "#0"},
				"east": {"uv": [2, 6, 1.5, 15], "texture": "#0"},
				"south": {"uv": [1.5, 6, 1, 15], "texture": "#0"},
				"west": {"uv": [1, 6, 0.5, 15], "texture": "#0"},
				"up": {"uv": [7, 10.5, 7.5, 10], "texture": "#0"},
				"down": {"uv": [7.5, 10, 8, 10.5], "texture": "#0"}
			}
		}
	],
	"display": {
		"thirdperson_righthand": {
			"rotation": [0, 90, 0],
			"translation": [0, -4, 0]
		},
		"thirdperson_lefthand": {
			"rotation": [0, 90, 0],
			"translation": [0, -4, 0]
		},
		"firstperson_righthand": {
			"rotation": [56.05, 84.96, -44.68],
			"translation": [-0.25, -0.25, 0],
			"scale": [0.55, 0.55, 0.55]
		},
		"firstperson_lefthand": {
			"rotation": [56.05, 84.96, -44.68],
			"translation": [-0.25, -0.25, 0],
			"scale": [0.55, 0.55, 0.55]
		},
		"ground": {
			"rotation": [12.74, 17, -28.36],
			"translation": [0, 1.75, 0],
			"scale": [0.4, 0.4, 0.4]
		},
		"gui": {
			"rotation": [140.93, 0.17, -143.26],
			"translation": [-3.75, -3.25, 0],
			"scale": [0.75, 0.75, 0.75]
		},
		"fixed": {
			"rotation": [0, 0, 45],
			"translation": [3.75, -4, 0],
			"scale": [0.9, 0.9, 0.9]
		}
	},
	"groups": [
		{
			"name": "group",
			"origin": [16.25655, 19.53634, 8.5095],
			"color": 0,
			"children": [
				{
					"name": "group",
					"origin": [16.25655, 19.53634, 8.5095],
					"color": 0,
					"children": [0, 1, 2, 3, 4, 5, 6]
				},
				7,
				8,
				9
			]
		}
	]
}