{
	"credit": "Made with Blockbench",
	"texture_size": [32, 32],
	"textures": {
		"0": "block/stone_shovel",
		"particle": "stone_shovel"
	},
	"elements": [
		{
			"from": [7.23995, 2, 7.31871],
			"to": [8.63995, 17, 8.71871],
			"rotation": {"angle": -45, "axis": "y", "origin": [7.98995, 7.91421, 8.06871]},
			"faces": {
				"north": {"uv": [6.5, 3, 7, 10.5], "texture": "#0"},
				"east": {"uv": [0.5, 7, 1, 14.5], "texture": "#0"},
				"south": {"uv": [0, 7, 0.5, 14.5], "texture": "#0"},
				"west": {"uv": [1, 7, 1.5, 14.5], "texture": "#0"},
				"up": {"uv": [11, 5, 10.5, 4.5], "texture": "#0"},
				"down": {"uv": [7, 10.5, 6.5, 11], "texture": "#0"}
			}
		},
		{
			"from": [7, 15.8, 6.998],
			"to": [9, 19.3, 9.008],
			"rotation": {"angle": 0, "axis": "y", "origin": [7.65, 11.71421, 7.748]},
			"faces": {
				"north": {"uv": [1.5, 10.5, 2.5, 12.5], "texture": "#0"},
				"east": {"uv": [10.5, 1.5, 11.5, 3.5], "texture": "#0"},
				"south": {"uv": [2.5, 10.5, 3.5, 12.5], "texture": "#0"},
				"west": {"uv": [3.5, 11, 4.5, 13], "texture": "#0"},
				"up": {"uv": [6.5, 13, 5.5, 12], "texture": "#0"},
				"down": {"uv": [7.5, 12, 6.5, 13], "texture": "#0"}
			}
		},
		{
			"from": [7.78782, 18.79143, 7],
			"to": [11.78782, 21.79143, 9],
			"rotation": {"angle": 22.5, "axis": "z", "origin": [9.78782, 20.29143, 8]},
			"faces": {
				"north": {"uv": [7, 5, 9, 6.5], "texture": "#0"},
				"east": {"uv": [11, 7, 12, 8.5], "texture": "#0"},
				"south": {"uv": [9, 5, 7, 6.5], "texture": "#0"},
				"west": {"uv": [11.5, 1.5, 12.5, 3], "texture": "#0"},
				"up": {"uv": [12.5, 4.5, 10.5, 3.5], "texture": "#0"},
				"down": {"uv": [6.5, 11, 4.5, 12], "texture": "#0"}
			}
		},
		{
			"from": [6.5, 0.5, 7],
			"to": [9, 3, 9],
			"rotation": {"angle": 45, "axis": "z", "origin": [8, 2, 8]},
			"faces": {
				"north": {"uv": [10, 10, 11.5, 11.5], "texture": "#0"},
				"east": {"uv": [10, 11.5, 11, 13], "texture": "#0"},
				"south": {"uv": [10.5, 0, 12, 1.5], "texture": "#0"},
				"west": {"uv": [11.5, 10, 12.5, 11.5], "texture": "#0"},
				"up": {"uv": [12.5, 12.5, 11, 11.5], "texture": "#0"},
				"down": {"uv": [13.5, 0, 12, 1], "texture": "#0"}
			}
		},
		{
			"from": [2.48995, 21.23604, 7.00805],
			"to": [9.48995, 28.23604, 9.00805],
			"rotation": {"angle": -45, "axis": "z", "origin": [7.98995, 22.73604, 7.50805]},
			"faces": {
				"north": {"uv": [0, 0, 3.5, 3.5], "texture": "#0"},
				"east": {"uv": [1.5, 7, 2.5, 10.5], "texture": "#0"},
				"south": {"uv": [3.5, 0, 0, 3.5], "texture": "#0"},
				"west": {"uv": [2.5, 7, 3.5, 10.5], "texture": "#0"},
				"up": {"uv": [10.5, 4, 7, 3], "texture": "#0"},
				"down": {"uv": [10.5, 4, 7, 5], "texture": "#0"}
			}
		},
		{
			"from": [4.49999, 20.34999, 6.996],
			"to": [10.49999, 26.34999, 9.016],
			"rotation": {"angle": -45, "axis": "z", "origin": [7.99999, 22.84999, 7.497]},
			"faces": {
				"north": {"uv": [3.5, 0, 6.5, 3], "texture": "#0"},
				"east": {"uv": [7, 8, 8, 11], "texture": "#0"},
				"south": {"uv": [6.5, 0, 3.5, 3], "texture": "#0"},
				"west": {"uv": [8, 8, 9, 11], "texture": "#0"},
				"up": {"uv": [6.5, 10, 3.5, 9], "texture": "#0"},
				"down": {"uv": [12, 5, 9, 6], "texture": "#0"}
			}
		},
		{
			"from": [4.51005, 19.33604, 6.999],
			"to": [10.51005, 25.33604, 9.009],
			"rotation": {"angle": 45, "axis": "z", "origin": [8.01005, 22.83604, 7.50805]},
			"faces": {
				"north": {"uv": [3.5, 6, 6.5, 9], "texture": "#0"},
				"east": {"uv": [9, 9, 10, 12], "texture": "#0"},
				"south": {"uv": [6.5, 6, 3.5, 9], "texture": "#0"},
				"west": {"uv": [9.5, 0, 10.5, 3], "texture": "#0"},
				"up": {"uv": [6.5, 11, 3.5, 10], "texture": "#0"},
				"down": {"uv": [13, 9, 10, 10], "texture": "#0"}
			}
		},
		{
			"from": [4.21218, 18.79143, 7],
			"to": [8.21218, 21.79143, 9],
			"rotation": {"angle": -22.5, "axis": "z", "origin": [6.21218, 20.29143, 8]},
			"faces": {
				"north": {"uv": [9, 5, 7, 6.5], "texture": "#0"},
				"east": {"uv": [12.5, 1.5, 11.5, 3], "texture": "#0"},
				"south": {"uv": [7, 5, 9, 6.5], "texture": "#0"},
				"west": {"uv": [12, 7, 11, 8.5], "texture": "#0"},
				"up": {"uv": [10.5, 4.5, 12.5, 3.5], "texture": "#0"},
				"down": {"uv": [4.5, 11, 6.5, 12], "texture": "#0"}
			}
		},
		{
			"from": [6.71673, 14.93327, 6.8],
			"to": [9.21673, 15.93327, 9.3],
			"rotation": {"angle": 0, "axis": "z", "origin": [7.96673, 15.43327, 8]},
			"faces": {
				"north": {"uv": [15.5, 3, 16, 4.25], "rotation": 90, "texture": "#0"},
				"east": {"uv": [13, 3, 13.5, 4.25], "rotation": 270, "texture": "#0"},
				"south": {"uv": [14, 4.5, 14.5, 5.75], "rotation": 270, "texture": "#0"},
				"west": {"uv": [12.5, 1.5, 13, 2.75], "rotation": 270, "texture": "#0"},
				"up": {"uv": [14.5, 1.5, 15.75, 2.75], "rotation": 270, "texture": "#0"},
				"down": {"uv": [11.5, 3, 12.75, 4.25], "rotation": 270, "texture": "#0"}
			}
		},
		{
			"from": [6.71673, 16.63327, 6.8],
			"to": [9.21673, 17.63327, 9.3],
			"rotation": {"angle": -22.5, "axis": "z", "origin": [7.96673, 17.13327, 8]},
			"faces": {
				"north": {"uv": [11.5, 1.5, 12, 2.75], "rotation": 90, "texture": "#0"},
				"east": {"uv": [13.5, 4.5, 14, 5.75], "rotation": 270, "texture": "#0"},
				"south": {"uv": [13, 4.5, 13.5, 5.75], "rotation": 270, "texture": "#0"},
				"west": {"uv": [13.5, 3, 14, 4.25], "rotation": 270, "texture": "#0"},
				"up": {"uv": [14, 3, 15.25, 4.25], "rotation": 270, "texture": "#0"},
				"down": {"uv": [13, 1.5, 14.25, 2.75], "rotation": 270, "texture": "#0"}
			}
		}
	],
	"display": {
		"thirdperson_righthand": {
			"rotation": [0, 90, 0],
			"translation": [0, -4, 0]
		},
		"thirdperson_lefthand": {
			"rotation": [0, 90, 0],
			"translation": [0, -4, 0]
		},
		"firstperson_righthand": {
			"rotation": [56.05, 84.96, -44.68],
			"translation": [-0.25, -0.25, 0],
			"scale": [0.55, 0.55, 0.55]
		},
		"firstperson_lefthand": {
			"rotation": [167, -87, 150.59],
			"translation": [-0.25, 0.25, 0],
			"scale": [0.55, 0.55, 0.55]
		},
		"ground": {
			"rotation": [12.74, 17, -28.36],
			"translation": [0, 1.75, 0],
			"scale": [0.4, 0.4, 0.4]
		},
		"gui": {
			"rotation": [140.93, 0.17, -143.26],
			"translation": [-3, -3.25, 0],
			"scale": [0.75, 0.75, 0.75]
		},
		"fixed": {
			"rotation": [0, 0, 45],
			"translation": [4.5, -4.5, 0],
			"scale": [0.9, 0.9, 0.9]
		}
	}
}