{
	"credit": "Made with Blockbench",
	"texture_size": [64, 64],
	"textures": {
		"0": "block/stone_axe",
		"particle": "block/stone_axe"
	},
	"elements": [
		{
			"from": [7.23995, 2, 7.31871],
			"to": [8.63995, 25, 8.71871],
			"rotation": {"angle": -45, "axis": "y", "origin": [7.98995, 7.91421, 8.06871]},
			"faces": {
				"north": {"uv": [2.5, 2.5, 2.75, 8.25], "texture": "#0"},
				"east": {"uv": [3, 2.5, 3.25, 8.25], "texture": "#0"},
				"south": {"uv": [2.75, 2.5, 3, 8.25], "texture": "#0"},
				"west": {"uv": [3.25, 2.5, 3.5, 8.25], "texture": "#0"},
				"up": {"uv": [5.25, 4.25, 5, 4], "texture": "#0"},
				"down": {"uv": [4, 6.25, 3.75, 6.5], "texture": "#0"}
			}
		},
		{
			"from": [6.5, 0.5, 7],
			"to": [9, 3, 9],
			"rotation": {"angle": 45, "axis": "z", "origin": [8, 2, 8]},
			"faces": {
				"north": {"uv": [5, 5.25, 5.75, 6], "texture": "#0"},
				"east": {"uv": [3.5, 5.5, 4, 6.25], "texture": "#0"},
				"south": {"uv": [0, 5.5, 0.75, 6.25], "texture": "#0"},
				"west": {"uv": [5.75, 1, 6.25, 1.75], "texture": "#0"},
				"up": {"uv": [6.5, 0.5, 5.75, 0], "texture": "#0"},
				"down": {"uv": [6.5, 1.75, 5.75, 2.25], "texture": "#0"}
			}
		},
		{
			"from": [5.5, 19.5, 6.997],
			"to": [10.5, 24.5, 9.001],
			"rotation": {"angle": 45, "axis": "z", "origin": [8, 22, 8]},
			"faces": {
				"north": {"uv": [1.25, 0, 2.5, 1.25], "texture": "#0"},
				"east": {"uv": [4.25, 2.75, 4.75, 4], "texture": "#0"},
				"south": {"uv": [1.25, 1.25, 2.5, 2.5], "texture": "#0"},
				"west": {"uv": [3.5, 4.25, 4, 5.5], "texture": "#0"},
				"up": {"uv": [5.25, 4.75, 4, 4.25], "texture": "#0"},
				"down": {"uv": [5.75, 0, 4.5, 0.5], "texture": "#0"}
			}
		},
		{
			"from": [7.3, 17.8, 6.649],
			"to": [8.3, 25.1, 9.351],
			"rotation": {"angle": 22.5, "axis": "z", "origin": [7.8, 21.6, 8]},
			"faces": {
				"north": {"uv": [0.75, 5.5, 1, 7.25], "texture": "#0"},
				"east": {"uv": [3.5, 2.5, 4.25, 4.25], "texture": "#0"},
				"south": {"uv": [1, 5.5, 1.25, 7.25], "texture": "#0"},
				"west": {"uv": [0, 3.75, 0.75, 5.5], "texture": "#0"},
				"up": {"uv": [1.75, 7, 1.5, 6.25], "texture": "#0"},
				"down": {"uv": [2, 6.25, 1.75, 7], "texture": "#0"}
			}
		},
		{
			"from": [6.89134, 18.83806, 6.749],
			"to": [7.89134, 26.13806, 9.251],
			"rotation": {"angle": -22.5, "axis": "z", "origin": [7.39134, 21.13806, 8]},
			"faces": {
				"north": {"uv": [5.5, 1, 5.75, 2.75], "texture": "#0"},
				"east": {"uv": [3.75, 0, 4.5, 1.75], "texture": "#0"},
				"south": {"uv": [1.25, 5.5, 1.5, 7.25], "texture": "#0"},
				"west": {"uv": [0.75, 3.75, 1.5, 5.5], "texture": "#0"},
				"up": {"uv": [2.25, 7, 2, 6.25], "texture": "#0"},
				"down": {"uv": [2.5, 6.25, 2.25, 7], "texture": "#0"}
			}
		},
		{
			"from": [1.96447, 23.03553, 6.999],
			"to": [4.96447, 24.03553, 8.999],
			"rotation": {"angle": 45, "axis": "z", "origin": [4.46447, 25.53553, 7.999]},
			"faces": {
				"north": {"uv": [4.25, 4, 5, 4.25], "texture": "#0"},
				"east": {"uv": [3.75, 2.25, 4.25, 2.5], "texture": "#0"},
				"south": {"uv": [0, 6.25, 0.75, 6.5], "texture": "#0"},
				"west": {"uv": [5.25, 5, 5.75, 5.25], "texture": "#0"},
				"up": {"uv": [6.5, 2.75, 5.75, 2.25], "texture": "#0"},
				"down": {"uv": [6.5, 3.75, 5.75, 4.25], "texture": "#0"}
			}
		},
		{
			"from": [4.79289, 20.79289, 6.999],
			"to": [5.79289, 23.79289, 8.999],
			"rotation": {"angle": 45, "axis": "z", "origin": [7.29289, 21.29289, 7.999]},
			"faces": {
				"north": {"uv": [5.5, 6, 5.75, 6.75], "texture": "#0"},
				"east": {"uv": [5.75, 4.25, 6.25, 5], "texture": "#0"},
				"south": {"uv": [6.25, 0.5, 6.5, 1.25], "texture": "#0"},
				"west": {"uv": [5.75, 5, 6.25, 5.75], "texture": "#0"},
				"up": {"uv": [6.5, 1.75, 6.25, 1.25], "texture": "#0"},
				"down": {"uv": [3.75, 6.25, 3.5, 6.75], "texture": "#0"}
			}
		},
		{
			"from": [9.72843, 22.3, 6.999],
			"to": [14.72843, 27.3, 8.999],
			"rotation": {"angle": 45, "axis": "z", "origin": [12.22843, 24.8, 7.999]},
			"faces": {
				"north": {"uv": [0, 2.5, 1.25, 3.75], "texture": "#0"},
				"east": {"uv": [4.5, 0.5, 5, 1.75], "texture": "#0"},
				"south": {"uv": [2.5, 0, 3.75, 1.25], "texture": "#0"},
				"west": {"uv": [4.75, 2.75, 5.25, 4], "texture": "#0"},
				"up": {"uv": [5.25, 5.25, 4, 4.75], "texture": "#0"},
				"down": {"uv": [6.25, 0.5, 5, 1], "texture": "#0"}
			}
		},
		{
			"from": [9.72843, 19.5, 6.998],
			"to": [14.72843, 24.5, 9],
			"rotation": {"angle": 45, "axis": "z", "origin": [12.22843, 22, 7.999]},
			"faces": {
				"north": {"uv": [1.25, 2.5, 2.5, 3.75], "texture": "#0"},
				"east": {"uv": [5, 1, 5.5, 2.25], "texture": "#0"},
				"south": {"uv": [2.5, 1.25, 3.75, 2.5], "texture": "#0"},
				"west": {"uv": [1.5, 5, 2, 6.25], "texture": "#0"},
				"up": {"uv": [6.5, 3.25, 5.25, 2.75], "texture": "#0"},
				"down": {"uv": [6.5, 3.25, 5.25, 3.75], "texture": "#0"}
			}
		},
		{
			"from": [9.72843, 16.72893, 6.999],
			"to": [14.72843, 21.72893, 8.999],
			"rotation": {"angle": 45, "axis": "z", "origin": [12.22843, 19.22893, 7.999]},
			"faces": {
				"north": {"uv": [0, 0, 1.25, 1.25], "texture": "#0"},
				"east": {"uv": [1.5, 3.75, 2, 5], "texture": "#0"},
				"south": {"uv": [0, 1.25, 1.25, 2.5], "texture": "#0"},
				"west": {"uv": [2, 3.75, 2.5, 5], "texture": "#0"},
				"up": {"uv": [5, 2.25, 3.75, 1.75], "texture": "#0"},
				"down": {"uv": [5.5, 2.25, 4.25, 2.75], "texture": "#0"}
			}
		},
		{
			"from": [6.98995, 15, 7.00805],
			"to": [8.98995, 20, 9.00805],
			"rotation": {"angle": 0, "axis": "y", "origin": [8.94536, 23.1033, 8.00905]},
			"faces": {
				"north": {"uv": [2, 5, 2.5, 6.25], "texture": "#0"},
				"east": {"uv": [5.25, 3.75, 5.75, 5], "texture": "#0"},
				"south": {"uv": [4, 5.25, 4.5, 6.5], "texture": "#0"},
				"west": {"uv": [4.5, 5.25, 5, 6.5], "texture": "#0"},
				"up": {"uv": [6.25, 6.25, 5.75, 5.75], "texture": "#0"},
				"down": {"uv": [5.5, 6, 5, 6.5], "texture": "#0"}
			}
		}
	],
	"display": {
		"thirdperson_righthand": {
			"rotation": [0, 90, 0],
			"translation": [0, -4, 0]
		},
		"thirdperson_lefthand": {
			"rotation": [0, -90, 0],
			"translation": [0, -4, 0]
		},
		"firstperson_righthand": {
			"rotation": [122.52, 85.03, -111.34],
			"translation": [0, 0.25, 0],
			"scale": [0.55, 0.55, 0.55]
		},
		"firstperson_lefthand": {
			"rotation": [-105, -82, -114],
			"translation": [0, 0.25, 0],
			"scale": [0.55, 0.55, 0.55]
		},
		"ground": {
			"rotation": [12.74, 17, -28.36],
			"translation": [0, 1.75, 0],
			"scale": [0.4, 0.4, 0.4]
		},
		"gui": {
			"rotation": [140.93, 0.17, -143.26],
			"translation": [-2.5, -3.5, 0],
			"scale": [0.75, 0.75, 0.75]
		},
		"fixed": {
			"rotation": [0, 0, 45],
			"translation": [3.75, -5.5, 0],
			"scale": [0.9, 0.9, 0.9]
		}
	}
}