{
	"credit": "Made with Blockbench",
	"texture_size": [64, 64],
	"textures": {
		"1": "block/stone_hoe",
		"particle": "stone_hoe"
	},
	"elements": [
		{
			"from": [7.28995, 2, 7.298],
			"to": [8.68995, 25, 8.698],
			"rotation": {"angle": -45, "axis": "y", "origin": [7.98995, 13.5, 7.998]},
			"faces": {
				"north": {"uv": [2.75, 0, 3, 5.75], "texture": "#1"},
				"east": {"uv": [0, 2.75, 0.25, 8.5], "texture": "#1"},
				"south": {"uv": [0.25, 2.75, 0.5, 8.5], "texture": "#1"},
				"west": {"uv": [2.5, 0, 2.75, 5.75], "texture": "#1"},
				"up": {"uv": [6.25, 3.25, 6, 3], "rotation": 270, "texture": "#1"},
				"down": {"uv": [3.5, 6, 3.25, 6.25], "rotation": 90, "texture": "#1"}
			}
		},
		{
			"from": [7.4, 18.1, 6.649],
			"to": [8.4, 25.4, 9.351],
			"rotation": {"angle": 22.5, "axis": "z", "origin": [7.9, 21.9, 8]},
			"faces": {
				"north": {"uv": [3.75, 4.75, 4, 6.5], "texture": "#1"},
				"east": {"uv": [0.5, 2.75, 1.25, 4.5], "texture": "#1"},
				"south": {"uv": [2, 5.25, 2.25, 7], "texture": "#1"},
				"west": {"uv": [1.25, 2.75, 2, 4.5], "texture": "#1"},
				"up": {"uv": [3.75, 6.25, 3.5, 5.5], "texture": "#1"},
				"down": {"uv": [6, 1.5, 5.75, 2.25], "texture": "#1"}
			}
		},
		{
			"from": [5.5, 19.5, 6.997],
			"to": [10.5, 24.5, 9.001],
			"rotation": {"angle": 45, "axis": "z", "origin": [8, 22, 8]},
			"faces": {
				"north": {"uv": [0, 1.5, 1.25, 2.75], "texture": "#1"},
				"east": {"uv": [3.75, 1.25, 4.25, 2.5], "texture": "#1"},
				"south": {"uv": [1.25, 1.5, 0, 2.75], "texture": "#1"},
				"west": {"uv": [2, 4, 2.5, 5.25], "texture": "#1"},
				"up": {"uv": [5, 3, 3.75, 2.5], "texture": "#1"},
				"down": {"uv": [5, 3, 3.75, 3.5], "texture": "#1"}
			}
		},
		{
			"from": [6.99134, 18.63806, 6.749],
			"to": [7.99134, 25.63806, 9.251],
			"rotation": {"angle": -22.5, "axis": "z", "origin": [7.49134, 20.93806, 8]},
			"faces": {
				"north": {"uv": [2.25, 5.25, 2.5, 7], "texture": "#1"},
				"east": {"uv": [3, 0, 3.75, 1.75], "texture": "#1"},
				"south": {"uv": [4, 5.25, 4.25, 7], "texture": "#1"},
				"west": {"uv": [3, 1.75, 3.75, 3.5], "texture": "#1"},
				"up": {"uv": [6, 3, 5.75, 2.25], "texture": "#1"},
				"down": {"uv": [2.75, 5.75, 2.5, 6.5], "texture": "#1"}
			}
		},
		{
			"from": [3.18059, 20.50617, 7.39889],
			"to": [12.78059, 23.50617, 8.64889],
			"rotation": {"angle": 0, "axis": "y", "origin": [9.57518, 26.10947, 8.39989]},
			"faces": {
				"north": {"uv": [0, 0, 2.5, 0.75], "texture": "#1"},
				"east": {"uv": [1.5, 6, 1.75, 6.75], "texture": "#1"},
				"south": {"uv": [2.5, 0, 0, 0.75], "texture": "#1"},
				"west": {"uv": [1.75, 6, 2, 6.75], "texture": "#1"},
				"up": {"uv": [6.75, 1.25, 4.25, 1], "texture": "#1"},
				"down": {"uv": [6.75, 1.25, 4.25, 1.5], "texture": "#1"}
			}
		},
		{
			"from": [9.93553, 20.4, 7.4],
			"to": [12.93553, 23.5, 8.64],
			"rotation": {"angle": 45, "axis": "z", "origin": [11.43553, 21.9, 8.397]},
			"faces": {
				"north": {"uv": [2, 4.5, 1.25, 5.25], "texture": "#1"},
				"east": {"uv": [6, 3, 5.75, 3.75], "texture": "#1"},
				"south": {"uv": [4.75, 4.5, 4, 5.25], "texture": "#1"},
				"west": {"uv": [3, 5.75, 2.75, 6.5], "texture": "#1"},
				"up": {"uv": [4.25, 2.5, 5, 2.25], "texture": "#1"},
				"down": {"uv": [5.5, 5, 6.25, 5.25], "texture": "#1"}
			}
		},
		{
			"from": [11.49618, 20.56163, 7.395],
			"to": [16.49618, 22.81163, 8.65],
			"rotation": {"angle": -45, "axis": "z", "origin": [12.99618, 21.56163, 8.39889]},
			"faces": {
				"north": {"uv": [5.25, 3.5, 4, 4], "texture": "#1"},
				"east": {"uv": [6.25, 2, 6, 2.5], "texture": "#1"},
				"south": {"uv": [4, 3.5, 5.25, 4], "texture": "#1"},
				"west": {"uv": [5.25, 3, 5, 3.5], "texture": "#1"},
				"up": {"uv": [5.5, 0.25, 6.75, 0], "texture": "#1"},
				"down": {"uv": [5.5, 0.25, 6.75, 0.5], "texture": "#1"}
			}
		},
		{
			"from": [7, 0.5, 7],
			"to": [9.5, 3, 9],
			"rotation": {"angle": -45, "axis": "z", "origin": [8, 2, 8]},
			"faces": {
				"north": {"uv": [5, 1.5, 4.25, 2.25], "texture": "#1"},
				"east": {"uv": [5.75, 3.75, 5.25, 4.5], "texture": "#1"},
				"south": {"uv": [1.25, 4.5, 0.5, 5.25], "texture": "#1"},
				"west": {"uv": [5.75, 3, 5.25, 3.75], "texture": "#1"},
				"up": {"uv": [4.25, 5.75, 5, 5.25], "texture": "#1"},
				"down": {"uv": [5, 5.25, 5.75, 5.75], "texture": "#1"}
			}
		},
		{
			"from": [6.91005, 15, 7.00805],
			"to": [9.11005, 20, 9.00805],
			"rotation": {"angle": 0, "axis": "y", "origin": [7.05464, 23.1033, 8.00905]},
			"faces": {
				"north": {"uv": [2.5, 2.75, 2, 4], "texture": "#1"},
				"east": {"uv": [4.25, 0, 3.75, 1.25], "texture": "#1"},
				"south": {"uv": [4, 3.5, 3.5, 4.75], "texture": "#1"},
				"west": {"uv": [3.5, 3.5, 3, 4.75], "texture": "#1"},
				"up": {"uv": [3, 6, 3.5, 5.5], "texture": "#1"},
				"down": {"uv": [5.5, 4.5, 6, 5], "texture": "#1"}
			}
		}
	],
	"display": {
		"thirdperson_righthand": {
			"rotation": [0, 90, 0],
			"translation": [0, -4, 0]
		},
		"thirdperson_lefthand": {
			"rotation": [0, -90, 0],
			"translation": [0, -4, 0]
		},
		"firstperson_righthand": {
			"rotation": [56.05, 84.96, -44.68],
			"translation": [-0.25, 0.25, 0],
			"scale": [0.55, 0.55, 0.55]
		},
		"firstperson_lefthand": {
			"rotation": [-105, -82, -114],
			"translation": [0, 0.25, 0],
			"scale": [0.55, 0.55, 0.55]
		},
		"ground": {
			"rotation": [12.74, 17, -28.36],
			"translation": [0, 1.75, 0],
			"scale": [0.4, 0.4, 0.4]
		},
		"gui": {
			"rotation": [140.93, 0.17, -143.26],
			"translation": [-3, -3, 0],
			"scale": [0.75, 0.75, 0.75]
		},
		"fixed": {
			"rotation": [0, 0, 45],
			"translation": [3.25, -3.75, 0],
			"scale": [0.9, 0.9, 0.9]
		}
	}
}