{
	"credit": "Made with Blockbench",
	"texture_size": [32, 32],
	"textures": {
		"1": "block/wooden_hoe",
		"particle": "wooden_hoe"
	},
	"elements": [
		{
			"from": [7.23995, 2, 7.31871],
			"to": [8.63995, 25, 8.71871],
			"rotation": {"angle": -45, "axis": "y", "origin": [7.98995, 7.91421, 8.06871]},
			"faces": {
				"north": {"uv": [0, 0, 0.5, 11.5], "texture": "#1"},
				"east": {"uv": [0.5, 0, 1, 11.5], "texture": "#1"},
				"south": {"uv": [1, 0, 1.5, 11.5], "texture": "#1"},
				"west": {"uv": [1.5, 0, 2, 11.5], "texture": "#1"},
				"up": {"uv": [7.5, 6, 7, 5.5], "texture": "#1"},
				"down": {"uv": [8, 7, 7.5, 7.5], "texture": "#1"}
			}
		},
		{
			"from": [6.5, 0.5, 7],
			"to": [9, 3, 9],
			"rotation": {"angle": 45, "axis": "z", "origin": [8, 2, 8]},
			"faces": {
				"north": {"uv": [6, 6, 7.5, 7.5], "texture": "#1"},
				"east": {"uv": [7.5, 5.5, 8.5, 7], "texture": "#1"},
				"south": {"uv": [7, 2, 8.5, 3.5], "texture": "#1"},
				"west": {"uv": [6, 7.5, 7, 9], "texture": "#1"},
				"up": {"uv": [8.5, 8.5, 7, 7.5], "texture": "#1"},
				"down": {"uv": [3.5, 8.5, 2, 9.5], "texture": "#1"}
			}
		},
		{
			"from": [7.26421, 15, 6.89445],
			"to": [9.26421, 21, 8.89445],
			"rotation": {"angle": -45, "axis": "y", "origin": [8.01421, 6.32843, 7.64445]},
			"faces": {
				"north": {"uv": [2, 3, 3, 6], "texture": "#1"},
				"east": {"uv": [3, 3, 4, 6], "texture": "#1"},
				"south": {"uv": [4, 3, 5, 6], "texture": "#1"},
				"west": {"uv": [5, 0, 6, 3], "texture": "#1"},
				"up": {"uv": [7, 3, 6, 2], "texture": "#1"},
				"down": {"uv": [9, 8.5, 8, 9.5], "texture": "#1"}
			}
		},
		{
			"from": [9.38065, 17.14404, 7.0082],
			"to": [13.38065, 19.96904, 9.0062],
			"rotation": {"angle": -22.5, "axis": "z", "origin": [20.38065, 17.92676, 8.008]},
			"faces": {
				"north": {"uv": [5, 3, 7, 4.5], "texture": "#1"},
				"east": {"uv": [8.5, 2, 9.5, 3.5], "texture": "#1"},
				"south": {"uv": [5, 4.5, 7, 6], "texture": "#1"},
				"west": {"uv": [3.5, 8.5, 4.5, 10], "texture": "#1"},
				"up": {"uv": [9, 4.5, 7, 3.5], "texture": "#1"},
				"down": {"uv": [9, 4.5, 7, 5.5], "texture": "#1"}
			}
		},
		{
			"from": [13.15572, 20.18862, 7.0081],
			"to": [15.15328, 22.18618, 9.0081],
			"rotation": {"angle": 22.5, "axis": "z", "origin": [14.1545, 21.1874, 8.0081]},
			"faces": {
				"north": {"uv": [9, 0, 10, 1], "texture": "#1"},
				"east": {"uv": [9, 1, 10, 2], "texture": "#1"},
				"south": {"uv": [9, 3.5, 10, 4.5], "texture": "#1"},
				"west": {"uv": [9, 4.5, 10, 5.5], "texture": "#1"},
				"up": {"uv": [6.5, 10, 5.5, 9], "texture": "#1"},
				"down": {"uv": [10, 8.5, 9, 9.5], "texture": "#1"}
			}
		},
		{
			"from": [4.98995, 21, 7.0081],
			"to": [10.98995, 24, 9.0091],
			"rotation": {"angle": 0, "axis": "y", "origin": [10.98995, 22, 8.00805]},
			"faces": {
				"north": {"uv": [2, 0, 5, 1.5], "texture": "#1"},
				"east": {"uv": [4.5, 8.5, 5.5, 10], "texture": "#1"},
				"south": {"uv": [2, 1.5, 5, 3], "texture": "#1"},
				"west": {"uv": [8.5, 5.5, 9.5, 7], "texture": "#1"},
				"up": {"uv": [9, 1, 6, 0], "texture": "#1"},
				"down": {"uv": [9, 1, 6, 2], "texture": "#1"}
			}
		}
	],
	"display": {
		"thirdperson_righthand": {
			"rotation": [0, 90, 0],
			"translation": [0, -4, 0]
		},
		"thirdperson_lefthand": {
			"rotation": [0, -90, 0],
			"translation": [0, -4, 0]
		},
		"firstperson_righthand": {
			"rotation": [122.52, 85.03, -111.34],
			"translation": [0, 0.25, 0],
			"scale": [0.55, 0.55, 0.55]
		},
		"firstperson_lefthand": {
			"rotation": [-105, -82, -114],
			"translation": [0, 0.25, 0],
			"scale": [0.55, 0.55, 0.55]
		},
		"ground": {
			"rotation": [12.74, 17, -28.36],
			"translation": [0, 1.75, 0],
			"scale": [0.4, 0.4, 0.4]
		},
		"gui": {
			"rotation": [140.93, 0.17, -143.26],
			"translation": [-2.5, -3.25, 0],
			"scale": [0.75, 0.75, 0.75]
		},
		"fixed": {
			"rotation": [0, 0, 45],
			"translation": [3.5, -4, 0],
			"scale": [0.9, 0.9, 0.9]
		}
	}
}