{
	"credit": "Made with Blockbench",
	"texture_size": [32, 32],
	"textures": {
		"0": "block/wooden_sword"
	},
	"elements": [
		{
			"from": [8.65, 3, 3.35],
			"to": [8.65, 5, 7.68],
			"rotation": {"angle": -45, "axis": "y", "origin": [8, 4.5, 8.1]},
			"faces": {
				"north": {"uv": [0, 0, 0, 1], "texture": "#0"},
				"east": {"uv": [8, 3, 10, 4], "texture": "#0"},
				"south": {"uv": [0, 0, 0, 1], "texture": "#0"},
				"west": {"uv": [1.5, 8.5, 3.5, 9.5], "texture": "#0"},
				"up": {"uv": [0, 2, 0, 0], "texture": "#0"},
				"down": {"uv": [0, 0, 0, 2], "texture": "#0"}
			}
		},
		{
			"from": [7.25, 1, 7.35],
			"to": [8.65, 9, 8.68],
			"rotation": {"angle": -45, "axis": "y", "origin": [8, 4.5, 8.1]},
			"faces": {
				"north": {"uv": [3, 9.5, 3.5, 13.5], "texture": "#0"},
				"east": {"uv": [5, 9.5, 5.5, 13.5], "texture": "#0"},
				"south": {"uv": [5.5, 9.5, 6, 13.5], "texture": "#0"},
				"west": {"uv": [6, 9.5, 6.5, 13.5], "texture": "#0"},
				"up": {"uv": [12.5, 1, 12, 0.5], "texture": "#0"},
				"down": {"uv": [1.5, 12, 1, 12.5], "texture": "#0"}
			}
		},
		{
			"from": [5, 11, 7.5],
			"to": [11, 26, 8.5],
			"rotation": {"angle": 0, "axis": "y", "origin": [7, 11, 6.5]},
			"faces": {
				"north": {"uv": [0, 0, 3, 7.5], "texture": "#0"},
				"east": {"uv": [4, 7.5, 4.5, 15], "texture": "#0"},
				"south": {"uv": [3, 0, 6, 7.5], "texture": "#0"},
				"west": {"uv": [4.5, 7.5, 5, 15], "texture": "#0"},
				"up": {"uv": [12.5, 9.5, 9.5, 9], "texture": "#0"},
				"down": {"uv": [13, 6.5, 10, 7], "texture": "#0"}
			}
		},
		{
			"from": [5.87873, 23.8787, 7.4984],
			"to": [10.12133, 28.1213, 8.5004],
			"rotation": {"angle": -45, "axis": "z", "origin": [8.00003, 26, 8]},
			"faces": {
				"north": {"uv": [6, 0, 8, 2], "texture": "#0"},
				"east": {"uv": [1, 10, 1.5, 12], "texture": "#0"},
				"south": {"uv": [6, 2, 8, 4], "texture": "#0"},
				"west": {"uv": [10, 9.5, 10.5, 11.5], "texture": "#0"},
				"up": {"uv": [12, 7.5, 10, 7], "texture": "#0"},
				"down": {"uv": [12, 7.5, 10, 8], "texture": "#0"}
			}
		},
		{
			"from": [4, 9, 7],
			"to": [12, 11, 9],
			"rotation": {"angle": 0, "axis": "y", "origin": [7, 9, 7]},
			"faces": {
				"north": {"uv": [0, 7.5, 4, 8.5], "texture": "#0"},
				"east": {"uv": [10.5, 10.5, 11.5, 11.5], "texture": "#0"},
				"south": {"uv": [8, 0, 12, 1], "texture": "#0"},
				"west": {"uv": [11, 3, 12, 4], "texture": "#0"},
				"up": {"uv": [12, 2, 8, 1], "texture": "#0"},
				"down": {"uv": [12, 2, 8, 3], "texture": "#0"}
			}
		},
		{
			"from": [11, 9.001, 7.43431],
			"to": [12.4, 11.001, 8.83431],
			"rotation": {"angle": -45, "axis": "y", "origin": [12, 10, 8.43431]},
			"faces": {
				"north": {"uv": [11.5, 4, 12, 5], "texture": "#0"},
				"east": {"uv": [11.5, 5, 12, 6], "texture": "#0"},
				"south": {"uv": [11.5, 8, 12, 9], "texture": "#0"},
				"west": {"uv": [8.5, 11.5, 9, 12.5], "texture": "#0"},
				"up": {"uv": [11.5, 12, 11, 11.5], "texture": "#0"},
				"down": {"uv": [12, 11, 11.5, 11.5], "texture": "#0"}
			}
		},
		{
			"from": [3, 9.001, 7.43431],
			"to": [4.4, 11.001, 8.83431],
			"rotation": {"angle": -45, "axis": "y", "origin": [4, 10, 8.43431]},
			"faces": {
				"north": {"uv": [9, 11.5, 9.5, 12.5], "texture": "#0"},
				"east": {"uv": [9.5, 11.5, 10, 12.5], "texture": "#0"},
				"south": {"uv": [11.5, 9.5, 12, 10.5], "texture": "#0"},
				"west": {"uv": [10, 11.5, 10.5, 12.5], "texture": "#0"},
				"up": {"uv": [12, 12, 11.5, 11.5], "texture": "#0"},
				"down": {"uv": [12.5, 0, 12, 0.5], "texture": "#0"}
			}
		},
		{
			"from": [6.5, 0.5, 7],
			"to": [9, 3, 9],
			"rotation": {"angle": 45, "axis": "z", "origin": [8, 2, 8]},
			"faces": {
				"north": {"uv": [8, 8, 9.5, 9.5], "texture": "#0"},
				"east": {"uv": [0, 10, 1, 11.5], "texture": "#0"},
				"south": {"uv": [0, 8.5, 1.5, 10], "texture": "#0"},
				"west": {"uv": [10, 3, 11, 4.5], "texture": "#0"},
				"up": {"uv": [11.5, 5.5, 10, 4.5], "texture": "#0"},
				"down": {"uv": [11.5, 5.5, 10, 6.5], "texture": "#0"}
			}
		}
	],
	"display": {
		"thirdperson_righthand": {
			"rotation": [0, 90, 0]
		},
		"thirdperson_lefthand": {
			"rotation": [0, -90, 0]
		},
		"firstperson_righthand": {
			"rotation": [-30.9, -79.6, -41.39],
			"translation": [0.75, 0.5, -1.25],
			"scale": [0.55, 0.55, 0.55]
		},
		"firstperson_lefthand": {
			"rotation": [-30.9, -79.6, -41.39],
			"translation": [0.75, 0.5, -1.25],
			"scale": [0.55, 0.55, 0.55]
		},
		"ground": {
			"rotation": [43, 35, 0],
			"translation": [0, 1.75, 0],
			"scale": [0.4, 0.4, 0.4]
		},
		"gui": {
			"rotation": [-35, 7, -35],
			"translation": [-2.5, -2.75, 0],
			"scale": [0.7, 0.7, 0.7]
		},
		"fixed": {
			"rotation": [0, 180, -45],
			"translation": [4, -4.25, 0],
			"scale": [0.9, 0.9, 0.9]
		}
	}
}