{
    "providers": [
        {
            "type": "bitmap",
            "file": "minecraft:tooltip/common.png",
            "ascent": 7,
            "height": 7,
            "chars": ["⠁"]
        },
        {
            "type": "bitmap",
            "file": "minecraft:tooltip/uncommon.png",
            "ascent": 7,
            "height": 7,
            "chars": ["⠂"]
        },
        {
            "type": "bitmap",
            "file": "minecraft:tooltip/rare.png",
            "ascent": 7,
            "height": 7,
            "chars": ["⠃"]
        },
        {
            "type": "bitmap",
            "file": "minecraft:tooltip/epic.png",
            "ascent": 7,
            "height": 7,
            "chars": ["⠄"]
        }
    ]
}